,compra,venta
2006-10-17,521.12,523.39
2006-10-18,516.56,523.15
2006-10-19,515.05,521.82
2006-10-20,515.19,520.5
2006-10-21,514.91,520.09
2006-10-22,514.91,520.09
2006-10-23,514.91,520.09
2006-10-24,514.91,519.93
2006-10-25,514.95,519.9
2006-10-26,515.03,520.08
2006-10-27,515.13,519.87
2006-10-28,515.07,519.8
2006-10-29,515.07,519.8
2006-10-30,515.07,519.8
2006-10-31,515.04,519.63
2006-11-01,514.99,519.75
2006-11-02,514.82,519.58
2006-11-03,514.72,519.5
2006-11-04,514.69,519.39
2006-11-05,514.69,519.39
2006-11-06,514.69,519.39
2006-11-07,514.66,519.33
2006-11-08,514.68,519.3
2006-11-09,514.74,519.4
2006-11-10,514.79,519.4
2006-11-11,514.71,519.23
2006-11-12,514.71,519.23
2006-11-13,514.71,519.23
2006-11-14,514.79,519.2
2006-11-15,514.78,519.28
2006-11-16,514.79,519.27
2006-11-17,514.81,519.09
2006-11-18,514.77,519.08
2006-11-19,514.77,519.08
2006-11-20,514.77,519.08
2006-11-21,514.84,519.15
2006-11-22,514.85,518.77
2006-11-23,514.86,518.87
2006-11-24,514.9,518.9
2006-11-25,514.82,518.82
2006-11-26,514.82,518.82
2006-11-27,514.82,518.82
2006-11-28,514.72,518.72
2006-11-29,514.55,518.79
2006-11-30,514.62,518.78
2006-12-01,514.63,518.77
2006-12-02,514.63,518.77
2006-12-03,514.63,518.77
2006-12-04,514.63,518.77
2006-12-05,514.68,518.8
2006-12-06,514.84,518.79
2006-12-07,514.88,518.82
2006-12-08,515.01,518.82
2006-12-09,515.04,518.78
2006-12-10,515.04,518.78
2006-12-11,515.04,518.78
2006-12-12,515.04,518.87
2006-12-13,515.06,518.92
2006-12-14,515.1,518.96
2006-12-15,515.18,518.97
2006-12-16,515.23,518.97
2006-12-17,515.23,518.97
2006-12-18,515.23,518.97
2006-12-19,515.27,518.9
2006-12-20,515.39,518.94
2006-12-21,515.43,519.0
2006-12-22,515.42,519.09
2006-12-23,515.46,519.21
2006-12-24,515.46,519.21
2006-12-25,515.46,519.21
2006-12-26,515.46,519.21
2006-12-27,515.5,519.24
2006-12-28,515.57,519.46
2006-12-29,515.7,519.69
2006-12-30,515.84,519.95
2006-12-31,515.84,519.95
2007-01-01,515.84,519.95
2007-01-02,515.84,519.95
2007-01-03,515.72,519.73
2007-01-04,515.68,519.82
2007-01-05,515.84,519.84
2007-01-06,515.87,519.85
2007-01-07,515.87,519.85
2007-01-08,515.87,519.85
2007-01-09,515.85,519.84
2007-01-10,515.87,519.85
2007-01-11,515.93,519.76
2007-01-12,516.02,519.85
2007-01-13,516.04,519.87
2007-01-14,516.04,519.87
2007-01-15,516.04,519.87
2007-01-16,516.12,519.89
2007-01-17,516.16,519.9
2007-01-18,516.23,519.99
2007-01-19,516.23,519.96
2007-01-20,516.29,519.98
2007-01-21,516.29,519.98
2007-01-22,516.29,519.98
2007-01-23,516.33,520.06
2007-01-24,516.38,520.11
2007-01-25,516.41,520.17
2007-01-26,516.44,520.19
2007-01-27,516.51,520.24
2007-01-28,516.51,520.24
2007-01-29,516.51,520.24
2007-01-30,516.58,520.44
2007-01-31,517.11,521.05
2007-02-01,517.25,521.2
2007-02-02,517.22,521.18
2007-02-03,517.16,521.22
2007-02-04,517.16,521.22
2007-02-05,517.16,521.22
2007-02-06,517.18,521.23
2007-02-07,517.17,521.19
2007-02-08,517.24,521.23
2007-02-09,517.23,521.26
2007-02-10,517.26,521.17
2007-02-11,517.26,521.17
2007-02-12,517.26,521.17
2007-02-13,517.24,521.08
2007-02-14,517.26,521.06
2007-02-15,517.27,521.04
2007-02-16,517.3,521.05
2007-02-17,517.26,520.97
2007-02-18,517.26,520.97
2007-02-19,517.26,520.97
2007-02-20,517.27,520.84
2007-02-21,517.19,520.94
2007-02-22,517.15,520.83
2007-02-23,517.16,520.83
2007-02-24,517.03,520.82
2007-02-25,517.03,520.82
2007-02-26,517.03,520.82
2007-02-27,516.98,520.86
2007-02-28,517.01,520.97
2007-03-01,516.99,520.96
2007-03-02,516.93,520.87
2007-03-03,516.87,520.85
2007-03-04,516.87,520.85
2007-03-05,516.87,520.85
2007-03-06,516.87,520.85
2007-03-07,516.84,520.85
2007-03-08,516.8,520.77
2007-03-09,516.81,520.73
2007-03-10,516.85,520.68
2007-03-11,516.85,520.68
2007-03-12,516.85,520.68
2007-03-13,516.88,520.7
2007-03-14,516.92,520.7
2007-03-15,516.96,520.77
2007-03-16,517.01,520.77
2007-03-17,517.05,520.76
2007-03-18,517.05,520.76
2007-03-19,517.05,520.76
2007-03-20,517.04,520.75
2007-03-21,517.03,520.77
2007-03-22,517.0,520.74
2007-03-23,516.97,520.77
2007-03-24,516.87,520.75
2007-03-25,516.87,520.75
2007-03-26,516.87,520.75
2007-03-27,516.86,520.76
2007-03-28,516.86,520.73
2007-03-29,516.86,520.73
2007-03-30,516.93,520.71
2007-03-31,516.91,520.69
2007-04-01,516.91,520.69
2007-04-02,516.91,520.69
2007-04-03,516.95,520.73
2007-04-04,516.91,520.68
2007-04-05,516.91,520.64
2007-04-06,516.91,520.64
2007-04-07,516.91,520.64
2007-04-08,516.91,520.64
2007-04-09,516.91,520.64
2007-04-10,516.84,520.63
2007-04-11,516.78,520.67
2007-04-12,516.75,520.64
2007-04-13,516.82,520.69
2007-04-14,516.84,520.74
2007-04-15,516.84,520.74
2007-04-16,516.84,520.74
2007-04-17,516.84,520.74
2007-04-18,516.84,520.66
2007-04-19,516.94,520.66
2007-04-20,516.93,520.66
2007-04-21,515.59,521.31
2007-04-22,515.59,521.31
2007-04-23,515.59,521.31
2007-04-24,516.88,520.62
2007-04-25,516.86,520.69
2007-04-26,516.81,520.69
2007-04-27,516.81,520.67
2007-04-28,516.8,520.68
2007-04-29,516.8,520.68
2007-04-30,516.8,520.68
2007-05-01,516.84,520.69
2007-05-02,516.84,520.69
2007-05-03,516.83,520.71
2007-05-04,516.79,520.72
2007-05-05,516.79,520.72
2007-05-06,516.79,520.72
2007-05-07,516.79,520.72
2007-05-08,516.77,520.72
2007-05-09,516.73,520.71
2007-05-10,516.71,520.71
2007-05-11,516.75,520.68
2007-05-12,516.74,520.68
2007-05-13,516.74,520.68
2007-05-14,516.74,520.68
2007-05-15,516.73,520.68
2007-05-16,516.77,520.69
2007-05-17,516.86,520.68
2007-05-18,516.81,520.71
2007-05-19,516.84,520.73
2007-05-20,516.84,520.73
2007-05-21,516.84,520.73
2007-05-22,516.84,520.75
2007-05-23,516.82,520.77
2007-05-24,516.71,520.78
2007-05-25,516.76,520.78
2007-05-26,516.7,520.76
2007-05-27,516.7,520.76
2007-05-28,516.7,520.76
2007-05-29,516.69,520.74
2007-05-30,516.69,520.73
2007-05-31,516.65,520.76
2007-06-01,516.64,520.7
2007-06-02,516.67,520.69
2007-06-03,516.67,520.69
2007-06-04,516.67,520.69
2007-06-05,516.69,520.7
2007-06-06,516.71,520.68
2007-06-07,516.71,520.68
2007-06-08,516.74,520.72
2007-06-09,516.79,520.69
2007-06-10,516.79,520.69
2007-06-11,516.79,520.69
2007-06-12,516.8,520.67
2007-06-13,516.78,520.67
2007-06-14,516.77,520.66
2007-06-15,516.75,520.65
2007-06-16,516.72,520.68
2007-06-17,516.72,520.68
2007-06-18,516.72,520.68
2007-06-19,516.67,520.7
2007-06-20,516.67,520.7
2007-06-21,516.7,520.7
2007-06-22,516.7,520.7
2007-06-23,516.59,520.73
2007-06-24,516.59,520.73
2007-06-25,516.59,520.73
2007-06-26,516.58,520.72
2007-06-27,516.52,520.74
2007-06-28,516.51,520.74
2007-06-29,516.51,520.72
2007-06-30,516.53,520.72
2007-07-01,516.53,520.72
2007-07-02,516.53,520.72
2007-07-03,516.55,520.73
2007-07-04,516.6,520.74
2007-07-05,516.59,520.73
2007-07-06,516.58,520.75
2007-07-07,516.58,520.74
2007-07-08,516.58,520.74
2007-07-09,516.58,520.74
2007-07-10,516.57,520.72
2007-07-11,516.61,520.73
2007-07-12,516.65,520.73
2007-07-13,516.69,520.7
2007-07-14,516.67,520.69
2007-07-15,516.67,520.69
2007-07-16,516.67,520.69
2007-07-17,516.66,520.69
2007-07-18,516.61,520.7
2007-07-19,516.65,520.72
2007-07-20,516.62,520.74
2007-07-21,516.62,520.75
2007-07-22,516.62,520.75
2007-07-23,516.62,520.75
2007-07-24,516.62,520.72
2007-07-25,516.61,520.7
2007-07-26,516.53,520.7
2007-07-27,516.53,520.69
2007-07-28,516.53,520.68
2007-07-29,516.53,520.68
2007-07-30,516.53,520.68
2007-07-31,516.53,520.68
2007-08-01,516.59,520.68
2007-08-02,516.62,520.65
2007-08-03,516.62,520.65
2007-08-04,516.63,520.67
2007-08-05,516.63,520.67
2007-08-06,516.63,520.67
2007-08-07,516.6,520.66
2007-08-08,516.56,520.72
2007-08-09,516.51,520.71
2007-08-10,516.48,520.75
2007-08-11,516.51,520.74
2007-08-12,516.51,520.74
2007-08-13,516.51,520.74
2007-08-14,516.52,520.73
2007-08-15,516.52,520.69
2007-08-16,516.55,520.66
2007-08-17,516.61,520.66
2007-08-18,516.65,520.66
2007-08-19,516.65,520.66
2007-08-20,516.65,520.66
2007-08-21,516.65,520.66
2007-08-22,516.64,520.66
2007-08-23,516.62,520.67
2007-08-24,516.6,520.69
2007-08-25,516.61,520.68
2007-08-26,516.61,520.68
2007-08-27,516.61,520.68
2007-08-28,516.53,520.69
2007-08-29,516.47,520.7
2007-08-30,516.51,520.7
2007-08-31,516.44,520.75
2007-09-01,516.37,520.74
2007-09-02,516.37,520.74
2007-09-03,516.37,520.74
2007-09-04,516.37,520.74
2007-09-05,516.3,520.73
2007-09-06,516.33,520.75
2007-09-07,516.37,520.75
2007-09-08,516.39,520.74
2007-09-09,516.39,520.74
2007-09-10,516.39,520.74
2007-09-11,516.39,520.72
2007-09-12,516.38,520.73
2007-09-13,516.4,520.71
2007-09-14,516.41,520.68
2007-09-15,516.39,520.68
2007-09-16,516.39,520.68
2007-09-17,516.39,520.68
2007-09-18,516.38,520.7
2007-09-19,516.38,520.7
2007-09-20,516.37,520.73
2007-09-21,516.34,520.75
2007-09-22,516.34,520.74
2007-09-23,516.34,520.74
2007-09-24,516.34,520.74
2007-09-25,516.32,520.72
2007-09-26,516.34,520.71
2007-09-27,516.33,520.69
2007-09-28,516.34,520.69
2007-09-29,516.39,520.74
2007-09-30,516.39,520.74
2007-10-01,516.39,520.74
2007-10-02,516.43,520.71
2007-10-03,516.43,520.7
2007-10-04,516.42,520.71
2007-10-05,516.42,520.72
2007-10-06,516.37,520.74
2007-10-07,516.37,520.74
2007-10-08,516.37,520.74
2007-10-09,516.31,520.8
2007-10-10,516.31,520.86
2007-10-11,516.48,520.98
2007-10-12,516.55,520.96
2007-10-13,516.63,521.06
2007-10-14,516.63,521.06
2007-10-15,516.63,521.06
2007-10-16,516.63,521.06
2007-10-17,516.67,521.2
2007-10-18,516.73,521.33
2007-10-19,516.7,521.31
2007-10-20,516.73,521.39
2007-10-21,516.73,521.39
2007-10-22,516.73,521.39
2007-10-23,516.72,521.36
2007-10-24,516.72,521.28
2007-10-25,516.7,521.19
2007-10-26,516.73,521.21
2007-10-27,516.7,521.15
2007-10-28,516.7,521.15
2007-10-29,516.7,521.15
2007-10-30,516.71,521.15
2007-10-31,516.71,521.16
2007-11-01,516.69,521.2
2007-11-02,516.72,521.21
2007-11-03,516.68,521.23
2007-11-04,516.68,521.23
2007-11-05,516.68,521.23
2007-11-06,516.7,521.29
2007-11-07,516.65,521.3
2007-11-08,516.72,521.33
2007-11-09,516.62,521.3
2007-11-10,516.66,521.24
2007-11-11,516.66,521.24
2007-11-12,516.66,521.24
2007-11-13,516.65,521.2
2007-11-14,516.67,521.15
2007-11-15,516.65,521.19
2007-11-16,516.7,521.21
2007-11-17,516.7,521.25
2007-11-18,516.7,521.25
2007-11-19,516.7,521.25
2007-11-20,516.72,521.2
2007-11-21,516.78,521.23
2007-11-22,516.76,521.23
2007-11-23,496.64,505.15
2007-11-24,496.57,503.49
2007-11-25,496.57,503.49
2007-11-26,496.57,503.49
2007-11-27,496.47,503.02
2007-11-28,496.39,503.12
2007-11-29,496.21,502.38
2007-11-30,496.17,502.25
2007-12-01,496.24,502.28
2007-12-02,496.24,502.28
2007-12-03,496.24,502.28
2007-12-04,496.25,502.28
2007-12-05,496.21,502.24
2007-12-06,496.18,502.18
2007-12-07,496.17,502.15
2007-12-08,496.16,502.11
2007-12-09,496.16,502.11
2007-12-10,496.16,502.11
2007-12-11,496.14,502.17
2007-12-12,496.08,502.0
2007-12-13,495.97,501.91
2007-12-14,495.89,501.84
2007-12-15,495.9,501.84
2007-12-16,495.9,501.84
2007-12-17,495.9,501.84
2007-12-18,495.51,501.42
2007-12-19,495.49,501.33
2007-12-20,495.36,501.03
2007-12-21,495.35,501.0
2007-12-22,495.35,500.99
2007-12-23,495.35,500.99
2007-12-24,495.35,500.99
2007-12-25,495.31,501.04
2007-12-26,495.31,501.04
2007-12-27,495.28,501.02
2007-12-28,495.26,500.97
2007-12-29,495.23,500.97
2007-12-30,495.23,500.97
2007-12-31,495.23,500.97
2008-01-01,495.23,500.97
2008-01-02,495.23,500.97
2008-01-03,495.24,500.95
2008-01-04,495.15,500.89
2008-01-05,495.12,500.82
2008-01-06,495.12,500.82
2008-01-07,495.12,500.82
2008-01-08,494.91,500.69
2008-01-09,494.8,500.68
2008-01-10,494.77,500.59
2008-01-11,494.8,500.53
2008-01-12,494.86,500.54
2008-01-13,494.86,500.54
2008-01-14,494.86,500.54
2008-01-15,494.87,500.51
2008-01-16,494.86,500.47
2008-01-17,494.75,500.3
2008-01-18,494.72,500.27
2008-01-19,494.35,499.99
2008-01-20,494.35,499.99
2008-01-21,494.35,499.99
2008-01-22,494.24,499.97
2008-01-23,494.1,499.85
2008-01-24,494.03,499.87
2008-01-25,494.08,499.89
2008-01-26,494.05,499.89
2008-01-27,494.05,499.89
2008-01-28,494.05,499.89
2008-01-29,494.01,499.83
2008-01-30,493.99,499.82
2008-01-31,493.93,499.74
2008-02-01,493.82,499.61
2008-02-02,493.72,499.44
2008-02-03,493.72,499.44
2008-02-04,493.72,499.44
2008-02-05,493.72,499.41
2008-02-06,493.7,499.35
2008-02-07,493.68,499.33
2008-02-08,493.66,499.3
2008-02-09,493.63,499.24
2008-02-10,493.63,499.24
2008-02-11,493.63,499.24
2008-02-12,493.65,499.24
2008-02-13,493.63,499.23
2008-02-14,493.63,499.22
2008-02-15,493.48,499.11
2008-02-16,493.45,499.12
2008-02-17,493.45,499.12
2008-02-18,493.45,499.12
2008-02-19,493.4,499.15
2008-02-20,493.34,499.12
2008-02-21,493.3,499.09
2008-02-22,493.25,499.14
2008-02-23,493.27,499.06
2008-02-24,493.27,499.06
2008-02-25,493.27,499.06
2008-02-26,493.29,499.08
2008-02-27,493.32,499.24
2008-02-28,493.45,499.29
2008-02-29,493.21,499.0
2008-03-01,493.09,499.02
2008-03-02,493.09,499.02
2008-03-03,493.09,499.02
2008-03-04,492.93,498.93
2008-03-05,492.96,498.86
2008-03-06,492.98,498.87
2008-03-07,492.9,498.8
2008-03-08,492.86,498.71
2008-03-09,492.86,498.71
2008-03-10,492.86,498.71
2008-03-11,492.79,498.66
2008-03-12,492.71,498.59
2008-03-13,492.37,498.22
2008-03-14,492.33,498.26
2008-03-15,492.19,498.15
2008-03-16,492.19,498.15
2008-03-17,492.19,498.15
2008-03-18,492.19,498.22
2008-03-19,492.06,498.01
2008-03-20,492.04,497.97
2008-03-21,492.04,497.97
2008-03-22,492.04,497.97
2008-03-23,492.04,497.97
2008-03-24,492.04,497.97
2008-03-25,491.97,497.91
2008-03-26,491.89,497.93
2008-03-27,491.87,497.92
2008-03-28,491.65,497.71
2008-03-29,491.64,497.67
2008-03-30,491.64,497.67
2008-03-31,491.64,497.67
2008-04-01,491.57,497.62
2008-04-02,491.61,497.6
2008-04-03,491.6,497.59
2008-04-04,491.45,497.45
2008-04-05,491.38,497.42
2008-04-06,491.38,497.42
2008-04-07,491.38,497.42
2008-04-08,491.39,497.4
2008-04-09,491.32,497.18
2008-04-10,491.31,497.14
2008-04-11,491.39,497.23
2008-04-12,491.35,497.15
2008-04-13,491.35,497.15
2008-04-14,491.35,497.15
2008-04-15,491.35,497.15
2008-04-16,491.24,497.0
2008-04-17,491.15,496.83
2008-04-18,491.17,496.91
2008-04-19,491.17,496.89
2008-04-20,491.17,496.89
2008-04-21,491.17,496.89
2008-04-22,491.12,496.91
2008-04-23,491.08,496.92
2008-04-24,491.14,497.04
2008-04-25,491.07,496.92
2008-04-26,491.04,497.04
2008-04-27,491.04,497.04
2008-04-28,491.04,497.04
2008-04-29,491.19,496.99
2008-04-30,491.34,497.21
2008-05-01,491.37,497.36
2008-05-02,491.37,497.36
2008-05-03,491.33,497.37
2008-05-04,491.33,497.37
2008-05-05,491.33,497.37
2008-05-06,491.4,497.52
2008-05-07,491.4,497.83
2008-05-08,492.05,498.51
2008-05-09,494.6,501.07
2008-05-10,504.1,511.94
2008-05-11,504.1,511.94
2008-05-12,504.1,511.94
2008-05-13,507.54,516.16
2008-05-14,511.41,518.71
2008-05-15,514.12,521.51
2008-05-16,514.09,521.2
2008-05-17,514.16,521.1
2008-05-18,514.16,521.1
2008-05-19,514.16,521.1
2008-05-20,514.26,521.35
2008-05-21,514.91,521.6
2008-05-22,516.01,523.38
2008-05-23,520.63,527.82
2008-05-24,519.3,526.27
2008-05-25,519.3,526.27
2008-05-26,519.3,526.27
2008-05-27,516.69,523.33
2008-05-28,516.37,522.88
2008-05-29,516.43,522.89
2008-05-30,516.42,522.88
2008-05-31,516.46,522.88
2008-06-01,516.46,522.88
2008-06-02,516.46,522.88
2008-06-03,516.48,522.94
2008-06-04,516.5,522.91
2008-06-05,516.45,522.91
2008-06-06,516.46,522.91
2008-06-07,516.47,522.93
2008-06-08,516.47,522.93
2008-06-09,516.47,522.93
2008-06-10,516.43,522.86
2008-06-11,516.41,522.88
2008-06-12,516.56,522.97
2008-06-13,516.69,523.03
2008-06-14,516.68,523.07
2008-06-15,516.68,523.07
2008-06-16,516.68,523.07
2008-06-17,516.68,523.08
2008-06-18,516.62,522.95
2008-06-19,516.46,522.82
2008-06-20,516.37,522.76
2008-06-21,516.35,522.74
2008-06-22,516.35,522.74
2008-06-23,516.35,522.74
2008-06-24,516.35,522.73
2008-06-25,516.31,522.75
2008-06-26,516.31,522.75
2008-06-27,516.33,522.74
2008-06-28,516.34,522.76
2008-06-29,516.34,522.76
2008-06-30,516.34,522.76
2008-07-01,516.46,522.81
2008-07-02,516.46,522.81
2008-07-03,516.38,522.73
2008-07-04,516.34,522.74
2008-07-05,516.33,522.74
2008-07-06,516.33,522.74
2008-07-07,516.33,522.74
2008-07-08,516.24,522.73
2008-07-09,516.21,522.73
2008-07-10,516.86,523.45
2008-07-11,517.2,523.83
2008-07-12,521.2,528.08
2008-07-13,521.2,528.08
2008-07-14,521.2,528.08
2008-07-15,526.73,533.65
2008-07-16,538.91,551.31
2008-07-17,544.61,556.27
2008-07-18,545.05,556.16
2008-07-19,545.72,556.32
2008-07-20,545.72,556.32
2008-07-21,545.72,556.32
2008-07-22,545.94,556.37
2008-07-23,545.92,556.39
2008-07-24,546.19,556.55
2008-07-25,546.39,556.61
2008-07-26,546.38,556.63
2008-07-27,546.38,556.63
2008-07-28,546.38,556.63
2008-07-29,546.38,556.63
2008-07-30,546.42,556.61
2008-07-31,546.49,556.64
2008-08-01,546.69,556.78
2008-08-02,546.83,556.85
2008-08-03,546.83,556.85
2008-08-04,546.83,556.85
2008-08-05,546.89,556.86
2008-08-06,547.0,556.9
2008-08-07,547.31,556.91
2008-08-08,547.31,556.9
2008-08-09,547.49,556.99
2008-08-10,547.49,556.99
2008-08-11,547.49,556.99
2008-08-12,547.59,557.1
2008-08-13,547.8,557.12
2008-08-14,547.85,557.13
2008-08-15,547.57,557.01
2008-08-16,547.57,557.01
2008-08-17,547.57,557.01
2008-08-18,547.57,557.01
2008-08-19,546.67,556.63
2008-08-20,546.52,556.3
2008-08-21,546.62,556.23
2008-08-22,546.63,556.4
2008-08-23,546.45,556.16
2008-08-24,546.45,556.16
2008-08-25,546.45,556.16
2008-08-26,546.55,556.25
2008-08-27,547.05,556.58
2008-08-28,547.36,556.77
2008-08-29,547.39,556.72
2008-08-30,547.93,557.35
2008-08-31,547.93,557.35
2008-09-01,547.93,557.35
2008-09-02,548.03,557.31
2008-09-03,548.16,557.6
2008-09-04,548.54,558.14
2008-09-05,548.66,558.25
2008-09-06,548.68,558.32
2008-09-07,548.68,558.32
2008-09-08,548.68,558.32
2008-09-09,548.73,558.36
2008-09-10,548.79,558.39
2008-09-11,548.85,558.52
2008-09-12,548.92,558.54
2008-09-13,548.96,558.55
2008-09-14,548.96,558.55
2008-09-15,548.96,558.55
2008-09-16,548.96,558.55
2008-09-17,549.03,558.56
2008-09-18,549.12,558.67
2008-09-19,549.2,558.74
2008-09-20,549.32,558.89
2008-09-21,549.32,558.89
2008-09-22,549.32,558.89
2008-09-23,549.31,558.96
2008-09-24,549.24,558.99
2008-09-25,549.41,559.07
2008-09-26,549.4,559.09
2008-09-27,549.49,559.12
2008-09-28,549.49,559.12
2008-09-29,549.49,559.12
2008-09-30,549.59,559.26
2008-10-01,549.65,559.26
2008-10-02,549.77,559.33
2008-10-03,549.82,559.38
2008-10-04,549.82,559.41
2008-10-05,549.82,559.41
2008-10-06,549.82,559.41
2008-10-07,549.86,559.48
2008-10-08,549.88,559.52
2008-10-09,549.89,559.63
2008-10-10,549.9,559.67
2008-10-11,549.9,559.71
2008-10-12,549.9,559.71
2008-10-13,549.9,559.71
2008-10-14,550.01,559.76
2008-10-15,550.14,559.91
2008-10-16,550.36,559.92
2008-10-17,550.4,559.96
2008-10-18,550.46,559.96
2008-10-19,550.46,559.96
2008-10-20,550.46,559.96
2008-10-21,550.59,560.09
2008-10-22,550.67,560.14
2008-10-23,550.55,560.16
2008-10-24,550.59,560.2
2008-10-25,550.7,560.38
2008-10-26,550.7,560.38
2008-10-27,550.7,560.38
2008-10-28,550.74,560.44
2008-10-29,550.75,560.45
2008-10-30,550.78,560.46
2008-10-31,550.82,560.51
2008-11-01,550.9,560.57
2008-11-02,550.9,560.57
2008-11-03,550.9,560.57
2008-11-04,551.01,560.66
2008-11-05,551.03,560.71
2008-11-06,551.19,560.85
2008-11-07,551.18,560.86
2008-11-08,551.19,560.96
2008-11-09,551.19,560.96
2008-11-10,551.19,560.96
2008-11-11,551.18,560.98
2008-11-12,551.18,561.03
2008-11-13,551.24,561.13
2008-11-14,551.39,561.21
2008-11-15,551.47,561.28
2008-11-16,551.47,561.28
2008-11-17,551.47,561.28
2008-11-18,551.5,561.3
2008-11-19,551.71,561.43
2008-11-20,551.55,561.28
2008-11-21,551.52,561.27
2008-11-22,550.8,560.69
2008-11-23,550.8,560.69
2008-11-24,550.8,560.69
2008-11-25,548.94,558.74
2008-11-26,546.05,555.81
2008-11-27,544.42,554.24
2008-11-28,540.99,550.75
2008-11-29,525.22,536.75
2008-11-30,525.22,536.75
2008-12-01,525.22,536.75
2008-12-02,523.97,534.25
2008-12-03,523.78,533.79
2008-12-04,526.12,536.5
2008-12-05,540.59,552.83
2008-12-06,547.66,558.14
2008-12-07,547.66,558.14
2008-12-08,547.66,558.14
2008-12-09,552.51,562.55
2008-12-10,552.53,562.53
2008-12-11,552.5,562.53
2008-12-12,551.85,562.02
2008-12-13,550.3,560.81
2008-12-14,550.3,560.81
2008-12-15,550.3,560.81
2008-12-16,528.56,540.95
2008-12-17,546.33,557.37
2008-12-18,549.74,560.22
2008-12-19,542.49,553.56
2008-12-20,540.01,550.5
2008-12-21,540.01,550.5
2008-12-22,540.01,550.5
2008-12-23,541.86,552.38
2008-12-24,543.69,553.95
2008-12-25,552.03,562.82
2008-12-26,552.03,562.82
2008-12-27,552.03,562.82
2008-12-28,552.03,562.82
2008-12-29,552.03,562.82
2008-12-30,553.08,563.35
2008-12-31,550.08,560.85
2009-01-01,550.08,560.85
2009-01-02,550.08,560.85
2009-01-03,547.1,558.44
2009-01-04,547.1,558.44
2009-01-05,547.1,558.44
2009-01-06,547.27,558.4
2009-01-07,552.43,563.19
2009-01-08,553.63,563.72
2009-01-09,553.93,563.8
2009-01-10,554.0,563.78
2009-01-11,554.0,563.78
2009-01-12,554.0,563.78
2009-01-13,553.82,563.65
2009-01-14,553.36,563.1
2009-01-15,550.83,560.78
2009-01-16,549.88,559.89
2009-01-17,549.57,559.73
2009-01-18,549.57,559.73
2009-01-19,549.57,559.73
2009-01-20,549.15,559.2
2009-01-21,549.53,559.27
2009-01-22,549.5,559.26
2009-01-23,549.61,559.33
2009-01-24,550.34,560.16
2009-01-25,550.34,560.16
2009-01-26,550.34,560.16
2009-01-27,553.98,563.78
2009-01-28,554.76,564.45
2009-01-29,555.02,564.66
2009-01-30,555.16,564.84
2009-01-31,555.51,565.16
2009-02-01,555.51,565.16
2009-02-02,555.51,565.16
2009-02-03,555.57,565.23
2009-02-04,555.75,565.39
2009-02-05,556.47,566.0
2009-02-06,556.24,566.2
2009-02-07,556.05,566.08
2009-02-08,556.05,566.08
2009-02-09,556.05,566.08
2009-02-10,556.18,566.19
2009-02-11,556.98,566.81
2009-02-12,557.49,567.27
2009-02-13,557.78,567.56
2009-02-14,558.12,567.85
2009-02-15,558.12,567.85
2009-02-16,558.12,567.85
2009-02-17,558.18,567.94
2009-02-18,558.3,568.04
2009-02-19,559.0,568.54
2009-02-20,559.12,568.74
2009-02-21,559.28,568.91
2009-02-22,559.28,568.91
2009-02-23,559.28,568.91
2009-02-24,559.41,569.02
2009-02-25,559.64,569.22
2009-02-26,559.82,569.55
2009-02-27,560.24,569.94
2009-02-28,560.41,570.13
2009-03-01,560.41,570.13
2009-03-02,560.41,570.13
2009-03-03,560.57,570.3
2009-03-04,560.77,570.4
2009-03-05,560.83,570.58
2009-03-06,561.23,570.98
2009-03-07,561.5,571.09
2009-03-08,561.5,571.09
2009-03-09,561.5,571.09
2009-03-10,561.68,571.21
2009-03-11,561.8,571.37
2009-03-12,562.21,571.65
2009-03-13,562.23,571.59
2009-03-14,561.18,570.76
2009-03-15,561.18,570.76
2009-03-16,561.18,570.76
2009-03-17,561.17,570.82
2009-03-18,561.37,571.01
2009-03-19,561.05,571.4
2009-03-20,561.01,571.05
2009-03-21,559.62,569.4
2009-03-22,559.62,569.4
2009-03-23,559.62,569.4
2009-03-24,559.17,568.94
2009-03-25,558.73,568.79
2009-03-26,560.53,569.88
2009-03-27,561.45,571.12
2009-03-28,560.04,569.98
2009-03-29,560.04,569.98
2009-03-30,560.04,569.98
2009-03-31,558.42,568.35
2009-04-01,560.98,570.51
2009-04-02,561.83,571.44
2009-04-03,564.22,573.93
2009-04-04,564.53,574.24
2009-04-05,564.53,574.24
2009-04-06,564.53,574.24
2009-04-07,565.4,575.01
2009-04-08,565.88,576.65
2009-04-09,565.38,576.37
2009-04-10,565.38,576.37
2009-04-11,565.38,576.37
2009-04-12,565.38,576.37
2009-04-13,565.38,576.37
2009-04-14,564.55,575.59
2009-04-15,564.08,575.72
2009-04-16,564.01,576.09
2009-04-17,564.21,574.91
2009-04-18,564.05,573.59
2009-04-19,564.05,573.59
2009-04-20,564.05,573.59
2009-04-21,564.18,573.87
2009-04-22,565.11,575.07
2009-04-23,565.31,575.09
2009-04-24,566.33,575.86
2009-04-25,566.59,576.25
2009-04-26,566.59,576.25
2009-04-27,566.59,576.25
2009-04-28,567.9,577.65
2009-04-29,568.2,577.88
2009-04-30,568.29,577.97
2009-05-01,568.36,578.07
2009-05-02,568.36,578.07
2009-05-03,568.36,578.07
2009-05-04,568.36,578.07
2009-05-05,568.55,578.11
2009-05-06,568.65,578.22
2009-05-07,568.8,578.35
2009-05-08,568.82,578.36
2009-05-09,569.56,579.06
2009-05-10,569.56,579.06
2009-05-11,569.56,579.06
2009-05-12,569.92,579.57
2009-05-13,570.21,579.79
2009-05-14,569.51,579.31
2009-05-15,568.68,578.33
2009-05-16,567.77,577.42
2009-05-17,567.77,577.42
2009-05-18,567.77,577.42
2009-05-19,566.0,575.79
2009-05-20,569.36,579.01
2009-05-21,571.31,580.78
2009-05-22,571.52,580.94
2009-05-23,571.46,581.03
2009-05-24,571.46,581.03
2009-05-25,571.46,581.03
2009-05-26,571.6,581.19
2009-05-27,571.58,581.25
2009-05-28,571.6,581.28
2009-05-29,571.93,581.58
2009-05-30,572.0,581.63
2009-05-31,572.0,581.63
2009-06-01,572.0,581.63
2009-06-02,571.9,581.54
2009-06-03,572.06,581.68
2009-06-04,572.0,581.6
2009-06-05,571.74,581.55
2009-06-06,571.74,581.55
2009-06-07,571.74,581.55
2009-06-08,571.74,581.55
2009-06-09,571.57,581.43
2009-06-10,572.62,582.37
2009-06-11,573.96,583.69
2009-06-12,574.18,583.69
2009-06-13,572.46,581.86
2009-06-14,572.46,581.86
2009-06-15,572.46,581.86
2009-06-16,573.46,581.86
2009-06-17,572.69,582.11
2009-06-18,572.99,582.45
2009-06-19,572.45,582.11
2009-06-20,572.05,581.72
2009-06-21,572.05,581.72
2009-06-22,572.05,581.72
2009-06-23,570.41,580.18
2009-06-24,570.61,580.22
2009-06-25,570.68,580.23
2009-06-26,570.61,580.13
2009-06-27,570.51,579.88
2009-06-28,570.51,579.88
2009-06-29,570.51,579.88
2009-06-30,570.61,579.91
2009-07-01,570.41,579.9
2009-07-02,570.75,580.45
2009-07-03,571.03,580.75
2009-07-04,571.16,580.83
2009-07-05,571.16,580.83
2009-07-06,571.16,580.83
2009-07-07,571.37,581.02
2009-07-08,577.37,586.94
2009-07-09,577.64,587.14
2009-07-10,577.77,587.23
2009-07-11,577.83,587.31
2009-07-12,577.83,587.31
2009-07-13,577.83,587.31
2009-07-14,577.85,587.25
2009-07-15,577.99,587.33
2009-07-16,577.95,587.26
2009-07-17,578.29,587.69
2009-07-18,578.59,588.03
2009-07-19,578.59,588.03
2009-07-20,578.59,588.03
2009-07-21,578.63,588.09
2009-07-22,579.37,588.84
2009-07-23,579.53,589.05
2009-07-24,579.72,589.23
2009-07-25,580.23,589.76
2009-07-26,580.23,589.76
2009-07-27,580.23,589.76
2009-07-28,580.55,590.08
2009-07-29,580.69,590.21
2009-07-30,581.27,590.76
2009-07-31,581.55,590.94
2009-08-01,581.65,591.04
2009-08-02,581.65,591.04
2009-08-03,581.65,591.04
2009-08-04,581.68,591.16
2009-08-05,581.68,591.2
2009-08-06,581.78,591.37
2009-08-07,581.69,591.37
2009-08-08,582.65,592.34
2009-08-09,582.65,592.34
2009-08-10,582.65,592.34
2009-08-11,582.86,592.51
2009-08-12,582.94,592.57
2009-08-13,583.03,592.71
2009-08-14,582.59,592.32
2009-08-15,582.49,592.1
2009-08-16,582.49,592.1
2009-08-17,582.49,592.1
2009-08-18,582.53,592.12
2009-08-19,582.62,592.18
2009-08-20,583.52,592.8
2009-08-21,581.48,590.56
2009-08-22,580.84,589.92
2009-08-23,580.84,589.92
2009-08-24,580.84,589.92
2009-08-25,579.93,588.98
2009-08-26,579.93,588.92
2009-08-27,581.07,590.68
2009-08-28,583.43,593.03
2009-08-29,584.27,593.74
2009-08-30,584.27,593.74
2009-08-31,584.27,593.74
2009-09-01,584.04,593.63
2009-09-02,583.49,593.16
2009-09-03,583.81,593.37
2009-09-04,583.81,593.39
2009-09-05,583.81,593.32
2009-09-06,583.81,593.32
2009-09-07,583.81,593.32
2009-09-08,582.22,591.74
2009-09-09,581.97,591.25
2009-09-10,581.94,591.06
2009-09-11,580.62,589.93
2009-09-12,579.57,588.97
2009-09-13,579.57,588.97
2009-09-14,579.57,588.97
2009-09-15,579.01,588.2
2009-09-16,579.01,588.2
2009-09-17,585.9,595.37
2009-09-18,585.87,595.59
2009-09-19,581.1,590.61
2009-09-20,581.1,590.61
2009-09-21,581.1,590.61
2009-09-22,579.94,589.52
2009-09-23,584.01,593.72
2009-09-24,583.78,593.48
2009-09-25,581.63,591.39
2009-09-26,581.87,591.57
2009-09-27,581.87,591.57
2009-09-28,581.87,591.57
2009-09-29,582.08,591.77
2009-09-30,582.49,591.73
2009-10-01,581.91,591.56
2009-10-02,581.9,591.57
2009-10-03,581.89,591.61
2009-10-04,581.89,591.61
2009-10-05,581.89,591.61
2009-10-06,581.88,591.55
2009-10-07,580.47,590.11
2009-10-08,579.62,589.39
2009-10-09,582.43,592.2
2009-10-10,582.11,591.83
2009-10-11,582.11,591.83
2009-10-12,582.11,591.83
2009-10-13,582.11,591.83
2009-10-14,579.95,589.62
2009-10-15,577.67,587.25
2009-10-16,576.25,585.74
2009-10-17,569.82,579.72
2009-10-18,569.82,579.72
2009-10-19,569.82,579.72
2009-10-20,567.01,576.74
2009-10-21,570.03,579.43
2009-10-22,572.12,581.66
2009-10-23,574.41,584.1
2009-10-24,576.66,586.44
2009-10-25,576.66,586.44
2009-10-26,576.66,586.44
2009-10-27,577.05,586.74
2009-10-28,576.9,586.66
2009-10-29,576.16,585.99
2009-10-30,576.05,585.94
2009-10-31,576.87,586.31
2009-11-01,576.87,586.31
2009-11-02,576.87,586.31
2009-11-03,575.44,585.14
2009-11-04,571.35,581.21
2009-11-05,569.28,579.12
2009-11-06,567.36,576.99
2009-11-07,565.57,575.34
2009-11-08,565.57,575.34
2009-11-09,565.57,575.34
2009-11-10,563.23,573.03
2009-11-11,554.38,564.39
2009-11-12,553.34,563.58
2009-11-13,562.09,571.87
2009-11-14,568.45,578.17
2009-11-15,568.45,578.17
2009-11-16,568.45,578.17
2009-11-17,564.73,575.09
2009-11-18,561.52,571.84
2009-11-19,560.99,571.38
2009-11-20,559.46,569.83
2009-11-21,559.5,569.64
2009-11-22,559.5,569.64
2009-11-23,559.5,569.64
2009-11-24,558.51,568.23
2009-11-25,557.44,567.09
2009-11-26,556.9,566.66
2009-11-27,553.47,563.31
2009-11-28,549.24,559.27
2009-11-29,549.24,559.27
2009-11-30,549.24,559.27
2009-12-01,552.95,563.07
2009-12-02,557.82,567.89
2009-12-03,571.39,582.01
2009-12-04,566.87,577.09
2009-12-05,564.18,574.54
2009-12-06,564.18,574.54
2009-12-07,564.18,574.54
2009-12-08,565.89,576.02
2009-12-09,567.61,577.77
2009-12-10,568.69,579.04
2009-12-11,564.48,574.92
2009-12-12,560.0,570.49
2009-12-13,560.0,570.49
2009-12-14,560.0,570.49
2009-12-15,560.98,571.55
2009-12-16,560.56,571.15
2009-12-17,557.55,568.15
2009-12-18,555.57,565.84
2009-12-19,559.69,570.07
2009-12-20,559.69,570.07
2009-12-21,559.69,570.07
2009-12-22,569.58,579.73
2009-12-23,573.35,583.14
2009-12-24,564.39,575.83
2009-12-25,563.77,575.17
2009-12-26,563.77,575.17
2009-12-27,563.77,575.17
2009-12-28,563.77,575.17
2009-12-29,561.24,572.95
2009-12-30,557.44,569.56
2009-12-31,558.67,571.81
2010-01-01,558.67,571.81
2010-01-02,558.67,571.81
2010-01-03,558.67,571.81
2010-01-04,558.67,571.81
2010-01-05,558.15,568.02
2010-01-06,559.89,569.69
2010-01-07,564.54,574.52
2010-01-08,570.4,580.56
2010-01-09,572.06,582.21
2010-01-10,572.06,582.21
2010-01-11,572.06,582.21
2010-01-12,567.67,577.9
2010-01-13,564.49,574.78
2010-01-14,561.3,571.43
2010-01-15,556.33,566.72
2010-01-16,552.43,562.75
2010-01-17,552.43,562.75
2010-01-18,552.43,562.75
2010-01-19,556.25,566.1
2010-01-20,556.6,566.54
2010-01-21,552.3,562.63
2010-01-22,546.5,556.56
2010-01-23,558.97,568.96
2010-01-24,558.97,568.96
2010-01-25,558.97,568.96
2010-01-26,557.12,567.15
2010-01-27,554.91,564.91
2010-01-28,557.42,567.49
2010-01-29,551.64,561.58
2010-01-30,555.0,565.11
2010-01-31,555.0,565.11
2010-02-01,555.0,565.11
2010-02-02,554.07,564.12
2010-02-03,553.46,563.52
2010-02-04,552.08,562.11
2010-02-05,552.28,562.3
2010-02-06,549.89,560.04
2010-02-07,549.89,560.04
2010-02-08,549.89,560.04
2010-02-09,548.45,558.51
2010-02-10,551.47,561.48
2010-02-11,551.78,561.77
2010-02-12,545.05,555.09
2010-02-13,545.16,555.21
2010-02-14,545.16,555.21
2010-02-15,545.16,555.21
2010-02-16,544.74,554.37
2010-02-17,549.35,559.1
2010-02-18,550.2,560.21
2010-02-19,547.16,557.03
2010-02-20,545.76,555.84
2010-02-21,545.76,555.84
2010-02-22,545.76,555.84
2010-02-23,545.06,554.85
2010-02-24,548.46,558.24
2010-02-25,547.02,556.72
2010-02-26,546.74,556.56
2010-02-27,548.54,558.45
2010-02-28,548.54,558.45
2010-03-01,548.54,558.45
2010-03-02,545.67,555.41
2010-03-03,544.6,554.34
2010-03-04,544.4,554.22
2010-03-05,543.29,553.09
2010-03-06,542.11,551.95
2010-03-07,542.11,551.95
2010-03-08,542.11,551.95
2010-03-09,540.38,550.41
2010-03-10,540.32,550.39
2010-03-11,539.28,549.24
2010-03-12,539.12,549.21
2010-03-13,536.72,546.49
2010-03-14,536.72,546.49
2010-03-15,536.72,546.49
2010-03-16,523.05,532.59
2010-03-17,525.23,535.3
2010-03-18,532.99,543.06
2010-03-19,534.52,544.65
2010-03-20,530.87,541.3
2010-03-21,530.87,541.3
2010-03-22,530.87,541.3
2010-03-23,525.15,535.7
2010-03-24,521.08,531.37
2010-03-25,518.51,528.78
2010-03-26,519.23,529.36
2010-03-27,520.0,530.19
2010-03-28,520.0,530.19
2010-03-29,520.0,530.19
2010-03-30,519.08,529.43
2010-03-31,518.51,528.78
2010-04-01,517.73,528.09
2010-04-02,517.73,528.09
2010-04-03,517.73,528.09
2010-04-04,517.73,528.09
2010-04-05,517.73,528.09
2010-04-06,515.27,525.39
2010-04-07,512.48,522.46
2010-04-08,512.53,523.08
2010-04-09,515.2,525.16
2010-04-10,515.23,525.24
2010-04-11,515.23,525.24
2010-04-12,515.23,525.24
2010-04-13,515.31,525.39
2010-04-14,514.67,524.81
2010-04-15,514.1,524.3
2010-04-16,511.14,521.54
2010-04-17,508.0,518.24
2010-04-18,508.0,518.24
2010-04-19,508.0,518.24
2010-04-20,506.12,516.64
2010-04-21,506.48,516.7
2010-04-22,506.78,516.81
2010-04-23,506.74,516.59
2010-04-24,506.11,516.21
2010-04-25,506.11,516.21
2010-04-26,506.11,516.21
2010-04-27,506.15,516.23
2010-04-28,506.52,516.59
2010-04-29,506.59,516.45
2010-04-30,505.9,516.04
2010-05-01,505.42,515.56
2010-05-02,505.42,515.56
2010-05-03,505.42,515.56
2010-05-04,503.29,513.17
2010-05-05,505.94,515.99
2010-05-06,511.15,521.38
2010-05-07,521.07,532.06
2010-05-08,532.78,544.43
2010-05-09,532.78,544.43
2010-05-10,532.78,544.43
2010-05-11,532.26,543.04
2010-05-12,525.13,535.76
2010-05-13,514.12,524.57
2010-05-14,511.83,521.93
2010-05-15,507.43,517.32
2010-05-16,507.43,517.32
2010-05-17,507.43,517.32
2010-05-18,515.29,525.95
2010-05-19,525.4,536.16
2010-05-20,530.69,541.15
2010-05-21,529.31,539.83
2010-05-22,530.39,540.92
2010-05-23,530.39,540.92
2010-05-24,530.39,540.92
2010-05-25,530.56,540.88
2010-05-26,534.81,545.52
2010-05-27,534.99,545.68
2010-05-28,534.94,545.64
2010-05-29,535.14,545.72
2010-05-30,535.14,545.72
2010-05-31,535.14,545.72
2010-06-01,535.68,546.38
2010-06-02,538.95,549.52
2010-06-03,540.04,550.56
2010-06-04,542.16,552.66
2010-06-05,543.1,553.57
2010-06-06,543.1,553.57
2010-06-07,543.1,553.57
2010-06-08,543.07,553.48
2010-06-09,542.46,553.09
2010-06-10,535.02,545.62
2010-06-11,529.86,540.76
2010-06-12,528.4,539.36
2010-06-13,528.4,539.36
2010-06-14,528.4,539.36
2010-06-15,530.21,540.73
2010-06-16,532.76,543.31
2010-06-17,529.26,539.42
2010-06-18,525.23,535.32
2010-06-19,525.1,535.21
2010-06-20,525.1,535.21
2010-06-21,525.1,535.21
2010-06-22,524.61,534.88
2010-06-23,521.19,531.2
2010-06-24,517.67,527.86
2010-06-25,517.35,527.6
2010-06-26,517.51,527.61
2010-06-27,517.51,527.61
2010-06-28,517.51,527.61
2010-06-29,519.64,529.67
2010-06-30,529.91,540.24
2010-07-01,530.77,541.02
2010-07-02,531.44,541.67
2010-07-03,531.38,541.76
2010-07-04,531.38,541.76
2010-07-05,531.38,541.76
2010-07-06,530.13,540.63
2010-07-07,528.9,539.33
2010-07-08,525.68,536.07
2010-07-09,519.32,529.74
2010-07-10,519.87,530.37
2010-07-11,519.87,530.37
2010-07-12,519.87,530.37
2010-07-13,518.16,528.39
2010-07-14,515.57,526.13
2010-07-15,514.46,525.14
2010-07-16,509.71,520.36
2010-07-17,508.67,519.21
2010-07-18,508.67,519.21
2010-07-19,508.67,519.21
2010-07-20,513.34,523.6
2010-07-21,516.99,527.24
2010-07-22,516.86,527.31
2010-07-23,513.7,524.54
2010-07-24,514.46,525.23
2010-07-25,514.46,525.23
2010-07-26,514.46,525.23
2010-07-27,513.94,524.66
2010-07-28,514.78,525.43
2010-07-29,515.98,526.55
2010-07-30,515.33,525.92
2010-07-31,511.64,522.71
2010-08-01,511.64,522.71
2010-08-02,511.64,522.71
2010-08-03,511.64,522.71
2010-08-04,510.33,520.69
2010-08-05,511.88,522.33
2010-08-06,512.11,522.48
2010-08-07,510.94,521.17
2010-08-08,510.94,521.17
2010-08-09,510.94,521.17
2010-08-10,509.92,520.19
2010-08-11,506.66,516.9
2010-08-12,506.48,516.71
2010-08-13,505.2,515.46
2010-08-14,503.09,513.33
2010-08-15,503.09,513.33
2010-08-16,503.09,513.33
2010-08-17,503.25,513.37
2010-08-18,504.41,514.52
2010-08-19,505.87,515.79
2010-08-20,506.61,516.69
2010-08-21,506.26,516.4
2010-08-22,506.26,516.4
2010-08-23,506.26,516.4
2010-08-24,504.44,514.74
2010-08-25,504.28,514.57
2010-08-26,504.2,514.47
2010-08-27,504.22,514.44
2010-08-28,504.15,514.3
2010-08-29,504.15,514.3
2010-08-30,504.15,514.3
2010-08-31,504.12,514.28
2010-09-01,501.22,511.26
2010-09-02,503.24,513.3
2010-09-03,510.87,521.55
2010-09-04,520.42,530.56
2010-09-05,520.42,530.56
2010-09-06,520.42,530.56
2010-09-07,516.25,526.2
2010-09-08,513.33,523.15
2010-09-09,511.31,521.03
2010-09-10,504.49,514.05
2010-09-11,501.34,511.53
2010-09-12,501.34,511.53
2010-09-13,501.34,511.53
2010-09-14,500.76,511.08
2010-09-15,500.98,511.24
2010-09-16,500.98,511.24
2010-09-17,498.41,509.0
2010-09-18,496.93,507.15
2010-09-19,496.93,507.15
2010-09-20,496.93,507.15
2010-09-21,497.34,507.47
2010-09-22,503.05,513.71
2010-09-23,505.34,515.9
2010-09-24,504.87,515.13
2010-09-25,504.61,514.97
2010-09-26,504.61,514.97
2010-09-27,504.61,514.97
2010-09-28,504.04,514.54
2010-09-29,502.83,513.34
2010-09-30,502.55,512.94
2010-10-01,504.78,515.73
2010-10-02,507.32,518.01
2010-10-03,507.32,518.01
2010-10-04,507.32,518.01
2010-10-05,508.72,519.04
2010-10-06,511.64,522.25
2010-10-07,507.61,518.08
2010-10-08,507.02,517.89
2010-10-09,507.21,517.85
2010-10-10,507.21,517.85
2010-10-11,507.21,517.85
2010-10-12,504.97,515.68
2010-10-13,502.15,512.7
2010-10-14,500.94,511.13
2010-10-15,500.02,510.12
2010-10-16,498.42,508.94
2010-10-17,498.42,508.94
2010-10-18,498.42,508.94
2010-10-19,498.42,508.94
2010-10-20,500.72,511.31
2010-10-21,504.91,515.65
2010-10-22,506.95,517.58
2010-10-23,505.93,516.63
2010-10-24,505.93,516.63
2010-10-25,505.93,516.63
2010-10-26,505.28,515.79
2010-10-27,504.95,515.43
2010-10-28,506.34,517.1
2010-10-29,507.7,518.43
2010-10-30,508.52,519.18
2010-10-31,508.52,519.18
2010-11-01,508.52,519.18
2010-11-02,506.94,517.45
2010-11-03,506.9,517.44
2010-11-04,507.09,517.55
2010-11-05,511.28,521.75
2010-11-06,514.47,524.31
2010-11-07,514.47,524.31
2010-11-08,514.47,524.31
2010-11-09,514.36,524.18
2010-11-10,513.64,523.18
2010-11-11,512.31,521.91
2010-11-12,508.42,518.56
2010-11-13,507.17,517.46
2010-11-14,507.17,517.46
2010-11-15,507.17,517.46
2010-11-16,506.78,517.16
2010-11-17,507.68,518.14
2010-11-18,506.63,517.14
2010-11-19,505.23,515.78
2010-11-20,504.3,514.19
2010-11-21,504.3,514.19
2010-11-22,504.3,514.19
2010-11-23,504.91,514.6
2010-11-24,504.74,514.3
2010-11-25,505.28,514.04
2010-11-26,504.35,513.29
2010-11-27,501.95,510.95
2010-11-28,501.95,510.95
2010-11-29,501.95,510.95
2010-11-30,503.18,512.2
2010-12-01,502.49,512.84
2010-12-02,500.22,510.82
2010-12-03,499.55,509.94
2010-12-04,500.49,511.05
2010-12-05,500.49,511.05
2010-12-06,500.49,511.05
2010-12-07,500.7,511.2
2010-12-08,500.46,511.28
2010-12-09,500.07,510.66
2010-12-10,500.33,510.67
2010-12-11,499.42,509.42
2010-12-12,499.42,509.42
2010-12-13,499.42,509.42
2010-12-14,498.83,508.7
2010-12-15,498.53,508.4
2010-12-16,496.65,506.35
2010-12-17,496.53,506.57
2010-12-18,499.72,509.57
2010-12-19,499.72,509.57
2010-12-20,499.72,509.57
2010-12-21,502.32,511.96
2010-12-22,503.49,513.39
2010-12-23,503.58,513.34
2010-12-24,503.23,513.51
2010-12-25,502.55,514.89
2010-12-26,502.55,514.89
2010-12-27,502.55,514.89
2010-12-28,502.48,514.41
2010-12-29,504.02,515.67
2010-12-30,506.89,517.87
2010-12-31,507.85,518.09
2011-01-01,507.85,518.09
2011-01-02,507.85,518.09
2011-01-03,507.85,518.09
2011-01-04,506.64,516.94
2011-01-05,506.07,516.29
2011-01-06,506.03,516.43
2011-01-07,505.96,516.33
2011-01-08,505.27,515.54
2011-01-09,505.27,515.54
2011-01-10,505.27,515.54
2011-01-11,504.96,515.33
2011-01-12,505.03,515.39
2011-01-13,503.72,514.16
2011-01-14,498.58,509.09
2011-01-15,498.55,508.89
2011-01-16,498.55,508.89
2011-01-17,498.55,508.89
2011-01-18,498.6,508.9
2011-01-19,498.42,508.71
2011-01-20,498.25,508.48
2011-01-21,498.22,508.37
2011-01-22,498.17,508.3
2011-01-23,498.17,508.3
2011-01-24,498.17,508.3
2011-01-25,498.85,508.79
2011-01-26,499.0,509.05
2011-01-27,498.78,508.94
2011-01-28,498.71,508.88
2011-01-29,500.85,510.69
2011-01-30,500.85,510.69
2011-01-31,500.85,510.69
2011-02-01,499.01,509.08
2011-02-02,498.9,508.82
2011-02-03,498.86,508.87
2011-02-04,498.71,508.87
2011-02-05,497.98,508.11
2011-02-06,497.98,508.11
2011-02-07,497.98,508.11
2011-02-08,496.89,507.13
2011-02-09,498.57,508.67
2011-02-10,498.49,508.9
2011-02-11,498.44,508.9
2011-02-12,498.35,508.84
2011-02-13,498.35,508.84
2011-02-14,498.35,508.84
2011-02-15,497.21,507.64
2011-02-16,496.32,506.64
2011-02-17,495.58,505.76
2011-02-18,495.54,505.74
2011-02-19,495.49,505.69
2011-02-20,495.49,505.69
2011-02-21,495.49,505.69
2011-02-22,495.45,505.66
2011-02-23,495.38,505.69
2011-02-24,495.32,505.65
2011-02-25,495.57,505.96
2011-02-26,497.28,507.61
2011-02-27,497.28,507.61
2011-02-28,497.28,507.61
2011-03-01,496.33,506.72
2011-03-02,496.47,507.05
2011-03-03,496.63,507.21
2011-03-04,496.6,507.14
2011-03-05,496.27,506.73
2011-03-06,496.27,506.73
2011-03-07,496.27,506.73
2011-03-08,495.3,505.7
2011-03-09,494.99,505.53
2011-03-10,494.93,505.38
2011-03-11,494.71,505.23
2011-03-12,494.65,505.14
2011-03-13,494.65,505.14
2011-03-14,494.65,505.14
2011-03-15,494.69,505.11
2011-03-16,494.63,505.11
2011-03-17,494.64,505.17
2011-03-18,494.66,505.1
2011-03-19,494.67,505.11
2011-03-20,494.67,505.11
2011-03-21,494.67,505.11
2011-03-22,494.69,505.13
2011-03-23,494.66,505.12
2011-03-24,494.63,505.13
2011-03-25,494.6,505.11
2011-03-26,494.59,505.2
2011-03-27,494.59,505.2
2011-03-28,494.59,505.2
2011-03-29,494.7,505.27
2011-03-30,494.66,505.39
2011-03-31,495.66,506.16
2011-04-01,494.63,505.24
2011-04-02,494.61,505.12
2011-04-03,494.61,505.12
2011-04-04,494.61,505.12
2011-04-05,494.65,505.12
2011-04-06,494.56,505.12
2011-04-07,494.71,505.25
2011-04-08,494.74,505.22
2011-04-09,495.22,505.65
2011-04-10,495.22,505.65
2011-04-11,495.22,505.65
2011-04-12,495.22,505.65
2011-04-13,494.87,505.28
2011-04-14,494.52,505.1
2011-04-15,494.5,505.04
2011-04-16,494.47,505.02
2011-04-17,494.47,505.02
2011-04-18,494.47,505.02
2011-04-19,494.3,504.9
2011-04-20,494.27,504.89
2011-04-21,493.66,505.12
2011-04-22,493.66,505.12
2011-04-23,493.66,505.12
2011-04-24,493.66,505.12
2011-04-25,493.66,505.12
2011-04-26,494.07,504.65
2011-04-27,493.91,504.63
2011-04-28,494.24,504.97
2011-04-29,494.97,505.75
2011-04-30,495.6,506.44
2011-05-01,495.6,506.44
2011-05-02,495.6,506.44
2011-05-03,494.61,505.16
2011-05-04,496.56,507.11
2011-05-05,496.79,507.45
2011-05-06,496.69,507.16
2011-05-07,498.04,508.55
2011-05-08,498.04,508.55
2011-05-09,498.04,508.55
2011-05-10,498.52,508.95
2011-05-11,499.52,510.1
2011-05-12,501.91,512.66
2011-05-13,499.07,509.95
2011-05-14,496.58,507.46
2011-05-15,496.58,507.46
2011-05-16,496.58,507.46
2011-05-17,496.08,506.65
2011-05-18,496.3,506.97
2011-05-19,497.07,507.81
2011-05-20,497.08,507.82
2011-05-21,497.15,507.9
2011-05-22,497.15,507.9
2011-05-23,497.15,507.9
2011-05-24,497.4,507.95
2011-05-25,499.89,510.7
2011-05-26,500.1,510.85
2011-05-27,499.37,510.15
2011-05-28,499.23,510.27
2011-05-29,499.23,510.27
2011-05-30,499.23,510.27
2011-05-31,499.98,511.15
2011-06-01,501.99,513.2
2011-06-02,503.49,514.46
2011-06-03,503.34,514.26
2011-06-04,503.16,513.99
2011-06-05,503.16,513.99
2011-06-06,503.16,513.99
2011-06-07,503.44,514.2
2011-06-08,503.51,514.29
2011-06-09,503.08,513.91
2011-06-10,499.79,510.77
2011-06-11,499.33,510.5
2011-06-12,499.33,510.5
2011-06-13,499.33,510.5
2011-06-14,499.22,510.33
2011-06-15,499.13,510.01
2011-06-16,499.32,510.07
2011-06-17,499.42,510.15
2011-06-18,499.36,510.22
2011-06-19,499.36,510.22
2011-06-20,499.36,510.22
2011-06-21,499.61,510.42
2011-06-22,499.36,510.15
2011-06-23,499.38,510.1
2011-06-24,498.53,509.29
2011-06-25,498.12,509.04
2011-06-26,498.12,509.04
2011-06-27,498.12,509.04
2011-06-28,497.72,508.6
2011-06-29,497.59,508.56
2011-06-30,498.61,509.57
2011-07-01,498.21,508.95
2011-07-02,498.22,508.95
2011-07-03,498.22,508.95
2011-07-04,498.22,508.95
2011-07-05,498.88,509.86
2011-07-06,500.72,511.69
2011-07-07,501.26,512.29
2011-07-08,501.22,512.29
2011-07-09,500.69,511.78
2011-07-10,500.69,511.78
2011-07-11,500.69,511.78
2011-07-12,500.61,511.76
2011-07-13,500.53,511.46
2011-07-14,500.27,511.05
2011-07-15,499.91,510.66
2011-07-16,498.93,509.84
2011-07-17,498.93,509.84
2011-07-18,498.93,509.84
2011-07-19,498.61,509.48
2011-07-20,498.92,509.62
2011-07-21,498.98,509.83
2011-07-22,498.94,509.68
2011-07-23,498.9,509.71
2011-07-24,498.9,509.71
2011-07-25,498.9,509.71
2011-07-26,498.9,509.71
2011-07-27,498.74,509.54
2011-07-28,498.65,509.82
2011-07-29,498.67,509.9
2011-07-30,499.72,510.88
2011-07-31,499.72,510.88
2011-08-01,499.72,510.88
2011-08-02,499.72,510.78
2011-08-03,499.72,510.78
2011-08-04,499.76,510.63
2011-08-05,499.89,510.59
2011-08-06,499.89,510.56
2011-08-07,499.89,510.56
2011-08-08,499.89,510.56
2011-08-09,499.91,510.68
2011-08-10,499.95,510.77
2011-08-11,499.55,510.21
2011-08-12,499.18,509.96
2011-08-13,498.88,509.73
2011-08-14,498.88,509.73
2011-08-15,498.88,509.73
2011-08-16,498.88,509.73
2011-08-17,497.78,508.7
2011-08-18,497.86,508.65
2011-08-19,497.81,508.55
2011-08-20,497.88,508.58
2011-08-21,497.88,508.58
2011-08-22,497.88,508.58
2011-08-23,498.36,509.18
2011-08-24,500.27,510.87
2011-08-25,502.25,512.89
2011-08-26,504.24,514.82
2011-08-27,503.69,514.45
2011-08-28,503.69,514.45
2011-08-29,503.69,514.45
2011-08-30,504.14,514.93
2011-08-31,505.91,516.77
2011-09-01,508.46,519.51
2011-09-02,507.88,518.8
2011-09-03,506.8,517.53
2011-09-04,506.8,517.53
2011-09-05,506.8,517.53
2011-09-06,506.73,517.41
2011-09-07,507.83,518.48
2011-09-08,508.79,519.28
2011-09-09,508.84,519.27
2011-09-10,508.7,519.26
2011-09-11,508.7,519.26
2011-09-12,508.7,519.26
2011-09-13,505.52,516.31
2011-09-14,503.52,514.29
2011-09-15,501.11,511.91
2011-09-16,501.11,511.91
2011-09-17,499.74,510.39
2011-09-18,499.74,510.39
2011-09-19,499.74,510.39
2011-09-20,498.55,509.33
2011-09-21,500.7,511.39
2011-09-22,502.98,513.56
2011-09-23,505.47,516.08
2011-09-24,507.48,518.21
2011-09-25,507.48,518.21
2011-09-26,507.48,518.21
2011-09-27,507.36,518.28
2011-09-28,505.88,517.2
2011-09-29,507.69,518.73
2011-09-30,508.36,519.87
2011-10-01,508.86,520.34
2011-10-02,508.86,520.34
2011-10-03,508.86,520.34
2011-10-04,509.7,521.01
2011-10-05,513.07,524.1
2011-10-06,514.4,525.56
2011-10-07,515.2,526.04
2011-10-08,515.11,526.05
2011-10-09,515.11,526.05
2011-10-10,515.11,526.05
2011-10-11,513.58,524.77
2011-10-12,510.77,521.76
2011-10-13,509.18,520.33
2011-10-14,506.96,518.05
2011-10-15,506.5,517.66
2011-10-16,506.5,517.66
2011-10-17,506.5,517.66
2011-10-18,506.5,517.66
2011-10-19,506.61,517.71
2011-10-20,506.66,517.66
2011-10-21,507.63,518.66
2011-10-22,508.59,519.78
2011-10-23,508.59,519.78
2011-10-24,508.59,519.78
2011-10-25,508.82,520.06
2011-10-26,506.26,517.22
2011-10-27,505.65,516.67
2011-10-28,507.64,518.88
2011-10-29,509.78,521.11
2011-10-30,509.78,521.11
2011-10-31,509.78,521.11
2011-11-01,509.51,520.87
2011-11-02,509.51,520.59
2011-11-03,509.96,520.9
2011-11-04,509.16,520.18
2011-11-05,508.63,519.58
2011-11-06,508.63,519.58
2011-11-07,508.63,519.58
2011-11-08,507.31,517.86
2011-11-09,507.67,518.12
2011-11-10,507.37,517.97
2011-11-11,505.49,516.41
2011-11-12,503.33,514.31
2011-11-13,503.33,514.31
2011-11-14,503.33,514.31
2011-11-15,500.21,511.11
2011-11-16,500.12,511.14
2011-11-17,500.1,511.11
2011-11-18,497.63,508.94
2011-11-19,497.2,508.56
2011-11-20,497.2,508.56
2011-11-21,497.2,508.56
2011-11-22,497.29,508.6
2011-11-23,497.4,508.48
2011-11-24,497.27,508.42
2011-11-25,497.34,508.4
2011-11-26,495.88,506.84
2011-11-27,495.88,506.84
2011-11-28,495.88,506.84
2011-11-29,497.02,508.23
2011-11-30,501.0,512.1
2011-12-01,497.88,509.26
2011-12-02,497.72,508.98
2011-12-03,497.93,509.06
2011-12-04,497.93,509.06
2011-12-05,497.93,509.06
2011-12-06,500.07,511.11
2011-12-07,501.58,512.51
2011-12-08,501.27,512.13
2011-12-09,501.15,511.98
2011-12-10,499.23,510.33
2011-12-11,499.23,510.33
2011-12-12,499.23,510.33
2011-12-13,497.63,508.39
2011-12-14,498.42,509.23
2011-12-15,498.53,509.52
2011-12-16,496.26,507.14
2011-12-17,495.37,506.33
2011-12-18,495.37,506.33
2011-12-19,495.37,506.33
2011-12-20,495.97,506.91
2011-12-21,498.08,508.94
2011-12-22,499.96,510.9
2011-12-23,501.42,512.41
2011-12-24,500.54,512.1
2011-12-25,500.54,512.1
2011-12-26,500.54,512.1
2011-12-27,503.34,515.24
2011-12-28,507.66,519.64
2011-12-29,507.13,520.71
2011-12-30,505.35,518.33
2011-12-31,505.35,518.33
2012-01-01,505.35,518.33
2012-01-02,505.35,518.33
2012-01-03,505.07,516.66
2012-01-04,506.62,518.0
2012-01-05,507.49,518.55
2012-01-06,508.29,519.29
2012-01-07,506.28,517.37
2012-01-08,506.28,517.37
2012-01-09,506.28,517.37
2012-01-10,504.96,515.71
2012-01-11,504.09,514.99
2012-01-12,503.12,514.1
2012-01-13,501.57,512.6
2012-01-14,501.08,512.27
2012-01-15,501.08,512.27
2012-01-16,501.08,512.27
2012-01-17,501.35,512.26
2012-01-18,501.87,512.67
2012-01-19,503.5,514.19
2012-01-20,503.62,514.59
2012-01-21,503.74,514.89
2012-01-22,503.74,514.89
2012-01-23,503.74,514.89
2012-01-24,504.43,515.4
2012-01-25,506.17,517.01
2012-01-26,505.66,516.59
2012-01-27,504.18,515.49
2012-01-28,502.45,513.97
2012-01-29,502.45,513.97
2012-01-30,502.45,513.97
2012-01-31,503.68,514.91
2012-02-01,504.85,516.23
2012-02-02,505.57,516.89
2012-02-03,505.94,517.01
2012-02-04,504.3,515.4
2012-02-05,504.3,515.4
2012-02-06,504.3,515.4
2012-02-07,504.27,515.36
2012-02-08,505.31,516.4
2012-02-09,505.53,516.52
2012-02-10,505.69,516.75
2012-02-11,505.18,516.31
2012-02-12,505.18,516.31
2012-02-13,505.18,516.31
2012-02-14,504.02,515.14
2012-02-15,503.69,514.99
2012-02-16,503.73,514.99
2012-02-17,503.92,515.1
2012-02-18,503.96,515.13
2012-02-19,503.96,515.13
2012-02-20,503.96,515.13
2012-02-21,504.26,515.2
2012-02-22,506.16,517.1
2012-02-23,507.53,518.55
2012-02-24,507.84,518.74
2012-02-25,505.77,516.94
2012-02-26,505.77,516.94
2012-02-27,505.77,516.94
2012-02-28,504.83,516.2
2012-02-29,505.66,516.94
2012-03-01,506.0,517.35
2012-03-02,505.96,517.29
2012-03-03,505.99,517.24
2012-03-04,505.99,517.24
2012-03-05,505.99,517.24
2012-03-06,506.08,517.17
2012-03-07,506.1,517.21
2012-03-08,506.09,517.16
2012-03-09,505.24,516.4
2012-03-10,503.89,515.11
2012-03-11,503.89,515.11
2012-03-12,503.89,515.11
2012-03-13,503.59,514.65
2012-03-14,503.35,514.48
2012-03-15,503.27,514.43
2012-03-16,501.62,512.79
2012-03-17,500.42,511.48
2012-03-18,500.42,511.48
2012-03-19,500.42,511.48
2012-03-20,501.25,512.35
2012-03-21,502.84,513.68
2012-03-22,502.77,513.59
2012-03-23,502.3,513.08
2012-03-24,501.11,512.18
2012-03-25,501.11,512.18
2012-03-26,501.11,512.18
2012-03-27,502.01,513.11
2012-03-28,501.84,512.97
2012-03-29,501.19,512.39
2012-03-30,502.65,513.83
2012-03-31,502.58,513.58
2012-04-01,502.58,513.58
2012-04-02,502.58,513.58
2012-04-03,501.69,512.71
2012-04-04,501.62,512.63
2012-04-05,501.33,512.45
2012-04-06,501.33,512.45
2012-04-07,501.33,512.45
2012-04-08,501.33,512.45
2012-04-09,501.33,512.45
2012-04-10,501.35,512.22
2012-04-11,501.44,512.36
2012-04-12,501.44,512.36
2012-04-13,500.49,511.71
2012-04-14,498.83,510.1
2012-04-15,498.83,510.1
2012-04-16,498.83,510.1
2012-04-17,498.17,509.52
2012-04-18,496.75,507.86
2012-04-19,497.64,508.91
2012-04-20,497.81,509.03
2012-04-21,497.5,508.6
2012-04-22,497.5,508.6
2012-04-23,497.5,508.6
2012-04-24,497.81,508.95
2012-04-25,498.6,509.35
2012-04-26,498.93,509.61
2012-04-27,498.89,509.67
2012-04-28,498.54,509.59
2012-04-29,498.54,509.59
2012-04-30,498.54,509.59
2012-05-01,498.75,509.79
2012-05-02,498.75,509.79
2012-05-03,500.52,511.64
2012-05-04,502.05,513.07
2012-05-05,502.1,512.97
2012-05-06,502.1,512.97
2012-05-07,502.1,512.97
2012-05-08,502.08,512.94
2012-05-09,502.4,513.15
2012-05-10,501.54,512.45
2012-05-11,499.85,510.86
2012-05-12,499.17,510.33
2012-05-13,499.17,510.33
2012-05-14,499.17,510.33
2012-05-15,498.84,509.96
2012-05-16,498.82,509.88
2012-05-17,499.28,510.29
2012-05-18,499.28,510.23
2012-05-19,498.26,509.4
2012-05-20,498.26,509.4
2012-05-21,498.26,509.4
2012-05-22,498.23,509.31
2012-05-23,498.43,509.48
2012-05-24,498.42,509.56
2012-05-25,498.28,509.29
2012-05-26,498.08,509.32
2012-05-27,498.08,509.32
2012-05-28,498.08,509.32
2012-05-29,497.86,509.09
2012-05-30,496.72,507.89
2012-05-31,496.17,507.3
2012-06-01,496.18,507.29
2012-06-02,496.18,507.34
2012-06-03,496.18,507.34
2012-06-04,496.18,507.34
2012-06-05,497.36,508.4
2012-06-06,498.69,509.69
2012-06-07,498.73,509.68
2012-06-08,498.46,509.43
2012-06-09,497.71,508.79
2012-06-10,497.71,508.79
2012-06-11,497.71,508.79
2012-06-12,496.47,507.4
2012-06-13,496.03,506.97
2012-06-14,494.58,505.31
2012-06-15,493.31,504.15
2012-06-16,493.16,504.1
2012-06-17,493.16,504.1
2012-06-18,493.16,504.1
2012-06-19,493.11,503.93
2012-06-20,492.96,503.66
2012-06-21,492.83,503.42
2012-06-22,492.77,503.38
2012-06-23,492.65,503.3
2012-06-24,492.65,503.3
2012-06-25,492.65,503.3
2012-06-26,492.61,503.32
2012-06-27,492.53,503.41
2012-06-28,492.5,503.47
2012-06-29,492.55,503.58
2012-06-30,492.57,503.85
2012-07-01,492.57,503.85
2012-07-02,492.57,503.85
2012-07-03,492.68,503.82
2012-07-04,495.85,506.74
2012-07-05,497.77,508.62
2012-07-06,497.97,508.68
2012-07-07,497.91,508.73
2012-07-08,497.91,508.73
2012-07-09,497.91,508.73
2012-07-10,497.91,508.72
2012-07-11,497.15,507.9
2012-07-12,495.64,506.43
2012-07-13,494.6,505.52
2012-07-14,494.14,505.0
2012-07-15,494.14,505.0
2012-07-16,494.14,505.0
2012-07-17,494.21,505.29
2012-07-18,494.17,505.19
2012-07-19,494.25,505.14
2012-07-20,494.31,505.12
2012-07-21,494.43,505.18
2012-07-22,494.43,505.18
2012-07-23,494.43,505.18
2012-07-24,494.56,505.28
2012-07-25,495.71,506.32
2012-07-26,495.71,506.32
2012-07-27,495.18,505.99
2012-07-28,495.11,506.08
2012-07-29,495.11,506.08
2012-07-30,495.11,506.08
2012-07-31,495.11,505.98
2012-08-01,495.03,505.82
2012-08-02,495.09,505.89
2012-08-03,495.09,505.89
2012-08-04,495.47,506.1
2012-08-05,495.47,506.1
2012-08-06,495.47,506.1
2012-08-07,495.4,506.05
2012-08-08,495.39,506.19
2012-08-09,495.36,506.09
2012-08-10,494.52,505.22
2012-08-11,494.38,505.23
2012-08-12,494.38,505.23
2012-08-13,494.38,505.23
2012-08-14,494.29,505.21
2012-08-15,494.22,505.09
2012-08-16,494.22,505.09
2012-08-17,494.15,504.89
2012-08-18,493.81,504.34
2012-08-19,493.81,504.34
2012-08-20,493.81,504.34
2012-08-21,492.86,503.14
2012-08-22,492.75,503.1
2012-08-23,492.77,503.15
2012-08-24,492.84,503.11
2012-08-25,492.82,503.15
2012-08-26,492.82,503.15
2012-08-27,492.82,503.15
2012-08-28,492.72,503.21
2012-08-29,492.67,503.26
2012-08-30,492.65,503.24
2012-08-31,492.65,503.22
2012-09-01,492.65,503.34
2012-09-02,492.65,503.34
2012-09-03,492.65,503.34
2012-09-04,492.67,503.32
2012-09-05,492.61,503.51
2012-09-06,492.62,503.53
2012-09-07,492.53,503.29
2012-09-08,492.56,503.38
2012-09-09,492.56,503.38
2012-09-10,492.56,503.38
2012-09-11,492.66,503.45
2012-09-12,492.63,503.37
2012-09-13,492.67,503.37
2012-09-14,492.63,503.17
2012-09-15,492.62,503.2
2012-09-16,492.62,503.2
2012-09-17,492.62,503.2
2012-09-18,492.67,503.36
2012-09-19,492.63,503.4
2012-09-20,492.66,503.41
2012-09-21,492.65,503.28
2012-09-22,492.68,503.31
2012-09-23,492.68,503.31
2012-09-24,492.68,503.31
2012-09-25,492.71,503.24
2012-09-26,492.68,503.28
2012-09-27,492.65,503.35
2012-09-28,492.49,503.26
2012-09-29,492.42,503.31
2012-09-30,492.42,503.31
2012-10-01,492.42,503.31
2012-10-02,492.41,503.3
2012-10-03,492.42,503.19
2012-10-04,492.46,503.07
2012-10-05,492.44,503.04
2012-10-06,492.38,503.0
2012-10-07,492.38,503.0
2012-10-08,492.38,503.0
2012-10-09,492.39,503.11
2012-10-10,492.33,503.17
2012-10-11,492.38,503.21
2012-10-12,492.41,503.22
2012-10-13,492.39,503.2
2012-10-14,492.39,503.2
2012-10-15,492.39,503.2
2012-10-16,492.39,503.2
2012-10-17,492.44,503.24
2012-10-18,492.42,503.26
2012-10-19,492.5,503.19
2012-10-20,492.42,503.21
2012-10-21,492.42,503.21
2012-10-22,492.42,503.21
2012-10-23,492.43,503.22
2012-10-24,492.46,503.23
2012-10-25,492.42,503.41
2012-10-26,492.39,503.37
2012-10-27,492.35,503.26
2012-10-28,492.35,503.26
2012-10-29,492.35,503.26
2012-10-30,492.35,503.24
2012-10-31,492.46,503.24
2012-11-01,496.8,507.79
2012-11-02,498.22,509.23
2012-11-03,496.2,507.21
2012-11-04,496.2,507.21
2012-11-05,496.2,507.21
2012-11-06,494.36,505.23
2012-11-07,494.3,505.23
2012-11-08,494.26,505.24
2012-11-09,494.16,505.29
2012-11-10,494.14,505.21
2012-11-11,494.14,505.21
2012-11-12,494.14,505.21
2012-11-13,494.21,505.21
2012-11-14,494.16,505.15
2012-11-15,494.19,505.12
2012-11-16,494.18,505.24
2012-11-17,494.02,505.24
2012-11-18,494.02,505.24
2012-11-19,494.02,505.24
2012-11-20,494.23,505.18
2012-11-21,494.19,505.14
2012-11-22,494.2,505.11
2012-11-23,494.17,505.12
2012-11-24,494.18,505.27
2012-11-25,494.18,505.27
2012-11-26,494.18,505.27
2012-11-27,493.27,503.66
2012-11-28,492.85,503.32
2012-11-29,492.82,503.32
2012-11-30,492.81,503.17
2012-12-01,492.82,503.28
2012-12-02,492.82,503.28
2012-12-03,492.82,503.28
2012-12-04,492.89,503.45
2012-12-05,492.88,503.34
2012-12-06,492.87,503.26
2012-12-07,492.9,503.19
2012-12-08,492.87,503.02
2012-12-09,492.87,503.02
2012-12-10,492.87,503.02
2012-12-11,492.89,503.07
2012-12-12,492.88,503.21
2012-12-13,492.85,503.17
2012-12-14,492.88,503.41
2012-12-15,492.89,503.51
2012-12-16,492.89,503.51
2012-12-17,492.89,503.51
2012-12-18,492.91,503.54
2012-12-19,492.86,503.54
2012-12-20,492.84,503.32
2012-12-21,492.83,503.22
2012-12-22,492.33,503.39
2012-12-23,492.33,503.39
2012-12-24,492.33,503.39
2012-12-25,494.18,505.85
2012-12-26,494.18,505.85
2012-12-27,498.91,510.71
2012-12-28,503.58,515.4
2012-12-29,502.07,514.32
2012-12-30,502.07,514.32
2012-12-31,502.07,514.32
2013-01-01,502.07,514.32
2013-01-02,502.07,514.32
2013-01-03,498.36,509.59
2013-01-04,498.35,509.49
2013-01-05,498.39,509.43
2013-01-06,498.39,509.43
2013-01-07,498.39,509.43
2013-01-08,497.64,508.59
2013-01-09,496.45,507.47
2013-01-10,493.94,504.74
2013-01-11,492.78,503.67
2013-01-12,492.26,503.03
2013-01-13,492.26,503.03
2013-01-14,492.26,503.03
2013-01-15,491.89,502.77
2013-01-16,491.84,502.62
2013-01-17,491.87,502.71
2013-01-18,491.86,502.59
2013-01-19,491.86,502.61
2013-01-20,491.86,502.61
2013-01-21,491.86,502.61
2013-01-22,495.41,506.25
2013-01-23,495.79,506.57
2013-01-24,496.42,507.18
2013-01-25,496.47,507.26
2013-01-26,495.89,506.71
2013-01-27,495.89,506.71
2013-01-28,495.89,506.71
2013-01-29,495.61,506.47
2013-01-30,495.3,506.36
2013-01-31,496.32,507.0
2013-02-01,496.87,508.11
2013-02-02,496.68,507.81
2013-02-03,496.68,507.81
2013-02-04,496.68,507.81
2013-02-05,496.74,507.66
2013-02-06,496.68,507.59
2013-02-07,496.61,507.51
2013-02-08,496.53,507.42
2013-02-09,496.27,507.24
2013-02-10,496.27,507.24
2013-02-11,496.27,507.24
2013-02-12,496.25,507.2
2013-02-13,496.25,507.29
2013-02-14,496.28,507.25
2013-02-15,496.31,507.19
2013-02-16,495.79,506.86
2013-02-17,495.79,506.86
2013-02-18,495.79,506.86
2013-02-19,495.95,506.75
2013-02-20,495.95,506.81
2013-02-21,495.94,506.88
2013-02-22,496.01,506.9
2013-02-23,495.93,507.0
2013-02-24,495.93,507.0
2013-02-25,495.93,507.0
2013-02-26,496.07,507.08
2013-02-27,495.94,506.91
2013-02-28,495.73,506.84
2013-03-01,495.55,506.92
2013-03-02,495.34,506.86
2013-03-03,495.34,506.86
2013-03-04,495.34,506.86
2013-03-05,494.72,506.25
2013-03-06,494.71,505.86
2013-03-07,494.76,505.82
2013-03-08,494.79,505.7
2013-03-09,493.66,504.59
2013-03-10,493.66,504.59
2013-03-11,493.66,504.59
2013-03-12,493.11,504.04
2013-03-13,493.01,503.98
2013-03-14,493.03,503.99
2013-03-15,492.97,503.82
2013-03-16,492.93,503.87
2013-03-17,492.93,503.87
2013-03-18,492.93,503.87
2013-03-19,492.96,503.91
2013-03-20,492.92,503.8
2013-03-21,492.9,503.8
2013-03-22,492.89,503.67
2013-03-23,492.72,503.69
2013-03-24,492.72,503.69
2013-03-25,492.72,503.69
2013-03-26,492.72,503.79
2013-03-27,492.69,503.82
2013-03-28,492.72,504.65
2013-03-29,492.72,504.65
2013-03-30,492.72,504.65
2013-03-31,492.72,504.65
2013-04-01,492.72,504.65
2013-04-02,492.72,503.85
2013-04-03,492.65,503.89
2013-04-04,494.38,505.62
2013-04-05,494.58,505.79
2013-04-06,494.65,505.72
2013-04-07,494.65,505.72
2013-04-08,494.65,505.72
2013-04-09,494.49,505.51
2013-04-10,494.48,505.53
2013-04-11,494.39,505.42
2013-04-12,494.39,505.42
2013-04-13,493.93,505.06
2013-04-14,493.93,505.06
2013-04-15,493.93,505.06
2013-04-16,493.38,504.34
2013-04-17,493.34,504.28
2013-04-18,493.35,504.38
2013-04-19,493.34,504.44
2013-04-20,492.26,503.29
2013-04-21,492.26,503.29
2013-04-22,492.26,503.29
2013-04-23,492.31,503.1
2013-04-24,491.97,502.63
2013-04-25,493.26,504.19
2013-04-26,493.3,504.31
2013-04-27,493.29,504.4
2013-04-28,493.29,504.4
2013-04-29,493.29,504.4
2013-04-30,493.36,504.46
2013-05-01,493.44,504.67
2013-05-02,493.44,504.67
2013-05-03,493.51,504.68
2013-05-04,493.51,504.68
2013-05-05,493.51,504.68
2013-05-06,493.51,504.68
2013-05-07,494.02,505.09
2013-05-08,494.08,505.07
2013-05-09,493.99,504.96
2013-05-10,493.67,504.57
2013-05-11,493.38,504.25
2013-05-12,493.38,504.25
2013-05-13,493.38,504.25
2013-05-14,493.43,504.4
2013-05-15,493.42,504.23
2013-05-16,493.43,504.27
2013-05-17,493.43,504.35
2013-05-18,493.44,504.31
2013-05-19,493.44,504.31
2013-05-20,493.44,504.31
2013-05-21,493.47,504.31
2013-05-22,493.45,504.27
2013-05-23,493.71,504.4
2013-05-24,494.34,505.21
2013-05-25,494.22,505.03
2013-05-26,494.22,505.03
2013-05-27,494.22,505.03
2013-05-28,493.35,504.02
2013-05-29,493.19,503.96
2013-05-30,493.2,504.13
2013-05-31,493.22,504.2
2013-06-01,493.19,504.38
2013-06-02,493.19,504.38
2013-06-03,493.19,504.38
2013-06-04,493.19,504.38
2013-06-05,493.22,504.4
2013-06-06,493.51,504.51
2013-06-07,493.47,504.49
2013-06-08,493.44,504.41
2013-06-09,493.44,504.41
2013-06-10,493.44,504.41
2013-06-11,493.31,504.35
2013-06-12,493.26,504.4
2013-06-13,493.4,504.52
2013-06-14,493.31,504.41
2013-06-15,493.11,504.17
2013-06-16,493.11,504.17
2013-06-17,493.11,504.17
2013-06-18,493.1,504.13
2013-06-19,493.03,504.06
2013-06-20,493.01,504.05
2013-06-21,493.15,504.17
2013-06-22,493.67,504.71
2013-06-23,493.67,504.71
2013-06-24,493.67,504.71
2013-06-25,493.73,504.77
2013-06-26,493.72,504.67
2013-06-27,493.68,504.68
2013-06-28,493.52,504.85
2013-06-29,493.03,504.53
2013-06-30,493.03,504.53
2013-07-01,493.03,504.53
2013-07-02,493.15,504.53
2013-07-03,493.16,504.48
2013-07-04,493.21,504.32
2013-07-05,493.25,504.37
2013-07-06,493.23,504.38
2013-07-07,493.23,504.38
2013-07-08,493.23,504.38
2013-07-09,493.29,504.36
2013-07-10,493.01,504.34
2013-07-11,493.03,504.31
2013-07-12,492.99,504.33
2013-07-13,493.17,504.38
2013-07-14,493.17,504.38
2013-07-15,493.17,504.38
2013-07-16,493.05,504.48
2013-07-17,493.0,504.46
2013-07-18,493.01,504.41
2013-07-19,492.99,504.25
2013-07-20,493.01,504.24
2013-07-21,493.01,504.24
2013-07-22,493.01,504.24
2013-07-23,493.03,504.3
2013-07-24,492.96,504.5
2013-07-25,492.95,504.46
2013-07-26,492.95,504.46
2013-07-27,492.95,504.5
2013-07-28,492.95,504.5
2013-07-29,492.95,504.5
2013-07-30,492.94,504.45
2013-07-31,492.99,504.44
2013-08-01,492.99,504.51
2013-08-02,492.98,504.52
2013-08-03,492.98,504.52
2013-08-04,492.98,504.52
2013-08-05,492.98,504.52
2013-08-06,492.98,504.57
2013-08-07,492.9,504.79
2013-08-08,492.9,504.73
2013-08-09,492.89,504.71
2013-08-10,492.89,504.73
2013-08-11,492.89,504.73
2013-08-12,492.89,504.73
2013-08-13,493.01,504.78
2013-08-14,492.96,504.86
2013-08-15,492.94,504.86
2013-08-16,492.94,504.86
2013-08-17,492.96,504.87
2013-08-18,492.96,504.87
2013-08-19,492.96,504.87
2013-08-20,492.93,504.79
2013-08-21,492.94,504.8
2013-08-22,492.94,504.79
2013-08-23,492.91,504.99
2013-08-24,493.03,505.27
2013-08-25,493.03,505.27
2013-08-26,493.03,505.27
2013-08-27,492.99,505.09
2013-08-28,492.96,505.06
2013-08-29,493.0,505.08
2013-08-30,494.56,506.89
2013-08-31,497.14,510.03
2013-09-01,497.14,510.03
2013-09-02,497.14,510.03
2013-09-03,497.2,510.11
2013-09-04,495.24,507.46
2013-09-05,495.58,507.79
2013-09-06,496.15,508.28
2013-09-07,496.68,508.79
2013-09-08,496.68,508.79
2013-09-09,496.68,508.79
2013-09-10,496.97,509.13
2013-09-11,496.62,509.01
2013-09-12,495.12,507.4
2013-09-13,494.97,507.28
2013-09-14,494.82,507.18
2013-09-15,494.82,507.18
2013-09-16,494.82,507.18
2013-09-17,494.16,506.5
2013-09-18,495.85,508.14
2013-09-19,495.34,507.48
2013-09-20,493.76,505.88
2013-09-21,493.48,505.61
2013-09-22,493.48,505.61
2013-09-23,493.48,505.61
2013-09-24,494.43,506.86
2013-09-25,494.52,506.99
2013-09-26,494.32,506.56
2013-09-27,493.65,505.82
2013-09-28,493.51,505.57
2013-09-29,493.51,505.57
2013-09-30,493.51,505.57
2013-10-01,493.57,505.67
2013-10-02,493.48,505.68
2013-10-03,493.69,505.86
2013-10-04,493.64,505.85
2013-10-05,493.61,505.83
2013-10-06,493.61,505.83
2013-10-07,493.61,505.83
2013-10-08,494.84,506.95
2013-10-09,494.99,507.08
2013-10-10,494.79,506.9
2013-10-11,494.72,506.86
2013-10-12,494.71,506.81
2013-10-13,494.71,506.81
2013-10-14,494.71,506.81
2013-10-15,493.88,505.99
2013-10-16,493.64,505.8
2013-10-17,493.94,506.08
2013-10-18,493.92,506.06
2013-10-19,493.94,506.07
2013-10-20,493.94,506.07
2013-10-21,493.94,506.07
2013-10-22,493.95,506.08
2013-10-23,493.86,505.98
2013-10-24,493.71,506.0
2013-10-25,493.7,506.04
2013-10-26,493.6,506.02
2013-10-27,493.6,506.02
2013-10-28,493.6,506.02
2013-10-29,493.71,506.05
2013-10-30,493.61,505.97
2013-10-31,493.64,506.02
2013-11-01,493.73,506.01
2013-11-02,493.68,506.0
2013-11-03,493.68,506.0
2013-11-04,493.68,506.0
2013-11-05,494.15,506.37
2013-11-06,494.23,506.43
2013-11-07,494.43,506.65
2013-11-08,494.43,506.64
2013-11-09,494.07,506.2
2013-11-10,494.07,506.2
2013-11-11,494.07,506.2
2013-11-12,493.69,505.91
2013-11-13,493.61,505.88
2013-11-14,493.62,505.88
2013-11-15,492.49,505.88
2013-11-16,493.61,505.88
2013-11-17,493.61,505.88
2013-11-18,493.61,505.88
2013-11-19,493.7,505.89
2013-11-20,493.63,505.86
2013-11-21,493.15,505.36
2013-11-22,492.86,505.03
2013-11-23,493.34,505.53
2013-11-24,493.34,505.53
2013-11-25,493.34,505.53
2013-11-26,493.45,505.55
2013-11-27,493.35,505.5
2013-11-28,493.14,505.27
2013-11-29,492.96,505.08
2013-11-30,492.93,505.13
2013-12-01,492.93,505.13
2013-12-02,492.93,505.13
2013-12-03,493.0,505.13
2013-12-04,492.92,505.07
2013-12-05,492.87,505.17
2013-12-06,492.88,505.11
2013-12-07,492.85,505.08
2013-12-08,492.85,505.08
2013-12-09,492.85,505.08
2013-12-10,492.89,505.11
2013-12-11,492.83,505.11
2013-12-12,492.63,504.96
2013-12-13,492.62,504.88
2013-12-14,492.62,504.88
2013-12-15,492.62,504.88
2013-12-16,492.62,504.88
2013-12-17,492.72,504.92
2013-12-18,493.28,505.5
2013-12-19,493.3,505.77
2013-12-20,493.29,505.78
2013-12-21,493.49,505.96
2013-12-22,493.49,505.96
2013-12-23,493.49,505.96
2013-12-24,494.46,507.17
2013-12-25,495.45,508.33
2013-12-26,495.45,508.33
2013-12-27,495.59,508.52
2013-12-28,494.92,507.9
2013-12-29,494.92,507.9
2013-12-30,494.92,507.9
2013-12-31,495.01,507.8
2014-01-01,495.01,507.8
2014-01-02,495.01,507.8
2014-01-03,494.89,507.95
2014-01-04,495.45,508.65
2014-01-05,495.45,508.65
2014-01-06,495.45,508.65
2014-01-07,496.64,509.68
2014-01-08,496.28,509.2
2014-01-09,493.82,506.73
2014-01-10,493.62,506.3
2014-01-11,493.13,505.82
2014-01-12,493.13,505.82
2014-01-13,493.13,505.82
2014-01-14,494.47,507.23
2014-01-15,494.84,507.67
2014-01-16,494.86,507.51
2014-01-17,494.85,507.56
2014-01-18,494.74,507.47
2014-01-19,494.74,507.47
2014-01-20,494.74,507.47
2014-01-21,495.02,507.88
2014-01-22,495.55,508.29
2014-01-23,497.53,510.34
2014-01-24,497.92,510.77
2014-01-25,499.92,512.54
2014-01-26,499.92,512.54
2014-01-27,499.92,512.54
2014-01-28,499.77,512.36
2014-01-29,498.58,511.08
2014-01-30,505.12,518.14
2014-01-31,505.39,519.63
2014-02-01,506.37,520.6
2014-02-02,506.37,520.6
2014-02-03,506.37,520.6
2014-02-04,510.15,524.82
2014-02-05,510.23,524.74
2014-02-06,514.76,529.39
2014-02-07,518.51,533.25
2014-02-08,513.97,528.56
2014-02-09,513.97,528.56
2014-02-10,513.97,528.56
2014-02-11,514.21,528.48
2014-02-12,516.79,530.88
2014-02-13,517.06,531.24
2014-02-14,517.15,531.28
2014-02-15,517.07,531.32
2014-02-16,517.07,531.32
2014-02-17,517.07,531.32
2014-02-18,517.52,531.62
2014-02-19,517.23,531.51
2014-02-20,519.12,533.45
2014-02-21,522.68,537.02
2014-02-22,526.24,540.45
2014-02-23,526.24,540.45
2014-02-24,526.24,540.45
2014-02-25,532.13,546.28
2014-02-26,532.1,546.22
2014-02-27,536.22,550.77
2014-02-28,538.58,553.54
2014-03-01,539.09,553.55
2014-03-02,539.09,553.55
2014-03-03,539.09,553.55
2014-03-04,542.53,557.11
2014-03-05,545.95,560.75
2014-03-06,549.43,564.17
2014-03-07,552.15,567.23
2014-03-08,555.79,570.79
2014-03-09,555.79,570.79
2014-03-10,555.79,570.79
2014-03-11,557.16,571.85
2014-03-12,557.62,572.44
2014-03-13,555.28,570.02
2014-03-14,541.2,558.73
2014-03-15,531.86,549.87
2014-03-16,531.86,549.87
2014-03-17,531.86,549.87
2014-03-18,531.88,548.96
2014-03-19,532.99,548.8
2014-03-20,533.05,548.77
2014-03-21,535.38,550.88
2014-03-22,539.55,554.54
2014-03-23,539.55,554.54
2014-03-24,539.55,554.54
2014-03-25,538.77,553.61
2014-03-26,538.42,553.29
2014-03-27,537.83,552.84
2014-03-28,538.44,553.53
2014-03-29,538.34,553.63
2014-03-30,538.34,553.63
2014-03-31,538.34,553.63
2014-04-01,538.59,553.57
2014-04-02,540.13,555.2
2014-04-03,544.01,558.95
2014-04-04,544.5,559.39
2014-04-05,542.81,557.83
2014-04-06,542.81,557.83
2014-04-07,542.81,557.83
2014-04-08,542.89,557.65
2014-04-09,542.7,557.56
2014-04-10,542.8,557.62
2014-04-11,542.22,557.11
2014-04-12,542.22,557.11
2014-04-13,542.22,557.11
2014-04-14,542.22,557.11
2014-04-15,536.29,551.3
2014-04-16,535.79,550.75
2014-04-17,535.18,550.88
2014-04-18,535.18,550.88
2014-04-19,535.18,550.88
2014-04-20,535.18,550.88
2014-04-21,535.18,550.88
2014-04-22,537.5,552.53
2014-04-23,540.59,555.55
2014-04-24,540.65,555.64
2014-04-25,540.36,555.4
2014-04-26,540.7,555.66
2014-04-27,540.7,555.66
2014-04-28,540.7,555.66
2014-04-29,540.83,555.79
2014-04-30,540.67,556.16
2014-05-01,544.65,559.58
2014-05-02,544.65,559.58
2014-05-03,544.82,559.63
2014-05-04,544.82,559.63
2014-05-05,544.82,559.63
2014-05-06,546.32,561.06
2014-05-07,546.89,561.58
2014-05-08,546.89,561.53
2014-05-09,546.89,561.53
2014-05-10,546.71,561.26
2014-05-11,546.71,561.26
2014-05-12,546.71,561.26
2014-05-13,546.68,561.13
2014-05-14,545.63,560.35
2014-05-15,545.38,560.09
2014-05-16,544.42,559.1
2014-05-17,544.42,559.16
2014-05-18,544.42,559.16
2014-05-19,544.42,559.16
2014-05-20,544.73,559.31
2014-05-21,545.41,560.0
2014-05-22,547.18,561.76
2014-05-23,547.88,562.37
2014-05-24,546.14,560.84
2014-05-25,546.14,560.84
2014-05-26,546.14,560.84
2014-05-27,545.23,559.77
2014-05-28,545.12,559.76
2014-05-29,545.14,559.78
2014-05-30,545.85,559.88
2014-05-31,546.35,559.88
2014-06-01,546.35,559.88
2014-06-02,546.35,559.88
2014-06-03,546.68,559.77
2014-06-04,546.87,559.88
2014-06-05,547.04,560.08
2014-06-06,547.05,560.08
2014-06-07,546.99,560.08
2014-06-08,546.99,560.08
2014-06-09,546.99,560.08
2014-06-10,547.09,560.1
2014-06-11,547.99,560.08
2014-06-12,550.07,560.99
2014-06-13,549.85,560.76
2014-06-14,548.78,559.61
2014-06-15,548.78,559.61
2014-06-16,548.78,559.61
2014-06-17,547.48,558.25
2014-06-18,547.65,558.47
2014-06-19,546.21,557.22
2014-06-20,544.45,555.5
2014-06-21,540.12,551.11
2014-06-22,540.12,551.11
2014-06-23,540.12,551.11
2014-06-24,539.94,550.77
2014-06-25,540.04,550.91
2014-06-26,540.11,551.03
2014-06-27,541.25,552.15
2014-06-28,537.58,548.66
2014-06-29,537.58,548.66
2014-06-30,537.58,548.66
2014-07-01,537.48,548.45
2014-07-02,536.32,547.2
2014-07-03,534.92,545.83
2014-07-04,534.08,544.95
2014-07-05,534.04,544.92
2014-07-06,534.04,544.92
2014-07-07,534.04,544.92
2014-07-08,534.11,545.05
2014-07-09,534.03,545.0
2014-07-10,533.99,545.0
2014-07-11,532.96,543.9
2014-07-12,531.93,542.64
2014-07-13,531.93,542.64
2014-07-14,531.93,542.64
2014-07-15,531.82,542.9
2014-07-16,531.88,542.92
2014-07-17,531.8,542.69
2014-07-18,531.8,542.68
2014-07-19,531.97,542.67
2014-07-20,531.97,542.67
2014-07-21,531.97,542.67
2014-07-22,532.03,542.7
2014-07-23,531.9,542.7
2014-07-24,532.52,543.42
2014-07-25,532.41,543.39
2014-07-26,532.41,543.39
2014-07-27,532.41,543.39
2014-07-28,532.41,543.39
2014-07-29,532.44,543.36
2014-07-30,533.17,543.98
2014-07-31,533.0,543.93
2014-08-01,533.07,543.86
2014-08-02,533.12,543.95
2014-08-03,533.12,543.95
2014-08-04,533.12,543.95
2014-08-05,534.03,544.74
2014-08-06,534.26,545.18
2014-08-07,534.54,545.53
2014-08-08,534.46,545.41
2014-08-09,534.38,545.25
2014-08-10,534.38,545.25
2014-08-11,534.38,545.25
2014-08-12,534.37,545.08
2014-08-13,534.27,545.04
2014-08-14,534.32,545.01
2014-08-15,534.34,545.09
2014-08-16,534.34,545.09
2014-08-17,534.34,545.09
2014-08-18,534.34,545.09
2014-08-19,534.31,545.1
2014-08-20,534.3,545.09
2014-08-21,534.28,545.13
2014-08-22,534.41,545.34
2014-08-23,534.33,545.38
2014-08-24,534.33,545.38
2014-08-25,534.33,545.38
2014-08-26,534.43,545.37
2014-08-27,534.33,545.31
2014-08-28,534.27,545.34
2014-08-29,534.26,545.32
2014-08-30,534.28,545.33
2014-08-31,534.28,545.33
2014-09-01,534.28,545.33
2014-09-02,534.38,545.34
2014-09-03,534.45,545.34
2014-09-04,534.44,545.32
2014-09-05,534.45,545.33
2014-09-06,534.36,545.37
2014-09-07,534.36,545.37
2014-09-08,534.36,545.37
2014-09-09,534.44,545.35
2014-09-10,534.4,545.37
2014-09-11,534.39,545.32
2014-09-12,534.36,545.27
2014-09-13,534.47,545.27
2014-09-14,534.47,545.27
2014-09-15,534.47,545.27
2014-09-16,534.47,545.27
2014-09-17,534.49,545.24
2014-09-18,534.22,545.56
2014-09-19,534.14,545.52
2014-09-20,534.13,545.52
2014-09-21,534.13,545.52
2014-09-22,534.13,545.52
2014-09-23,534.12,545.54
2014-09-24,534.04,545.51
2014-09-25,534.0,545.52
2014-09-26,533.92,545.48
2014-09-27,533.93,545.51
2014-09-28,533.93,545.51
2014-09-29,533.93,545.51
2014-09-30,534.02,545.52
2014-10-01,534.02,545.52
2014-10-02,534.08,545.57
2014-10-03,534.06,545.54
2014-10-04,534.04,545.56
2014-10-05,534.04,545.56
2014-10-06,534.04,545.56
2014-10-07,534.03,545.55
2014-10-08,533.98,545.51
2014-10-09,533.97,545.49
2014-10-10,533.95,545.46
2014-10-11,533.98,545.47
2014-10-12,533.98,545.47
2014-10-13,533.98,545.47
2014-10-14,534.03,545.49
2014-10-15,533.98,545.56
2014-10-16,533.97,545.56
2014-10-17,533.99,545.59
2014-10-18,534.0,545.57
2014-10-19,534.0,545.57
2014-10-20,534.0,545.57
2014-10-21,534.02,545.52
2014-10-22,533.97,545.53
2014-10-23,533.94,545.49
2014-10-24,533.82,545.44
2014-10-25,533.48,545.03
2014-10-26,533.48,545.03
2014-10-27,533.48,545.03
2014-10-28,533.14,544.67
2014-10-29,533.06,544.65
2014-10-30,533.26,544.79
2014-10-31,533.12,544.71
2014-11-01,533.29,544.89
2014-11-02,533.29,544.89
2014-11-03,533.29,544.89
2014-11-04,533.39,544.93
2014-11-05,533.34,544.95
2014-11-06,533.37,544.93
2014-11-07,532.68,544.29
2014-11-08,532.02,543.61
2014-11-09,532.02,543.61
2014-11-10,532.02,543.61
2014-11-11,531.99,543.56
2014-11-12,531.9,543.56
2014-11-13,531.9,543.57
2014-11-14,531.83,543.5
2014-11-15,531.1,542.72
2014-11-16,531.1,542.72
2014-11-17,531.1,542.72
2014-11-18,530.8,542.43
2014-11-19,530.44,542.13
2014-11-20,530.39,542.07
2014-11-21,530.35,542.08
2014-11-22,530.3,542.08
2014-11-23,530.3,542.08
2014-11-24,530.3,542.08
2014-11-25,530.34,541.99
2014-11-26,530.06,541.93
2014-11-27,529.83,541.53
2014-11-28,529.89,541.5
2014-11-29,529.6,541.19
2014-11-30,529.6,541.19
2014-12-01,529.6,541.19
2014-12-02,528.74,540.24
2014-12-03,528.27,539.91
2014-12-04,528.15,539.74
2014-12-05,528.05,539.64
2014-12-06,527.94,539.55
2014-12-07,527.94,539.55
2014-12-08,527.94,539.55
2014-12-09,527.75,539.56
2014-12-10,528.24,539.82
2014-12-11,528.21,539.86
2014-12-12,528.17,539.84
2014-12-13,528.2,539.88
2014-12-14,528.2,539.88
2014-12-15,528.2,539.88
2014-12-16,528.22,539.87
2014-12-17,527.72,539.49
2014-12-18,527.22,539.07
2014-12-19,527.13,538.94
2014-12-20,526.99,538.95
2014-12-21,526.99,538.95
2014-12-22,526.99,538.95
2014-12-23,530.47,542.47
2014-12-24,532.76,545.24
2014-12-25,532.68,545.39
2014-12-26,532.68,545.39
2014-12-27,532.83,545.37
2014-12-28,532.83,545.37
2014-12-29,532.83,545.37
2014-12-30,533.28,545.55
2014-12-31,533.31,545.53
2015-01-01,533.31,545.53
2015-01-02,533.31,545.53
2015-01-03,533.27,545.65
2015-01-04,533.27,545.65
2015-01-05,533.27,545.65
2015-01-06,533.05,545.51
2015-01-07,532.82,545.28
2015-01-08,533.1,545.4
2015-01-09,533.07,545.4
2015-01-10,533.17,545.5
2015-01-11,533.17,545.5
2015-01-12,533.17,545.5
2015-01-13,533.2,545.4
2015-01-14,533.09,545.36
2015-01-15,530.64,543.13
2015-01-16,530.1,542.41
2015-01-17,530.04,542.29
2015-01-18,530.04,542.29
2015-01-19,530.04,542.29
2015-01-20,530.15,542.2
2015-01-21,530.08,542.1
2015-01-22,530.07,542.11
2015-01-23,530.1,542.23
2015-01-24,529.91,542.06
2015-01-25,529.91,542.06
2015-01-26,529.91,542.06
2015-01-27,529.98,542.08
2015-01-28,529.86,542.09
2015-01-29,529.87,542.08
