compra,venta
530.53,542.64
530.85,543.08
530.85,543.08
530.85,543.08
530.98,543.16
530.85,543.09
531.58,543.75
532.48,544.64
532.59,544.74
532.59,544.74
532.59,544.74
532.71,544.72
532.6,544.68
532.63,544.65
531.33,543.34
531.14,543.26
531.14,543.26
531.14,543.26
530.86,542.86
530.76,542.81
530.46,542.41
530.27,542.25
529.97,541.96
529.97,541.96
529.97,541.96
529.31,541.14
528.84,540.78
528.72,540.66
528.64,540.59
528.69,540.58
528.69,540.58
528.69,540.58
527.91,539.61
527.78,539.52
528.64,540.47
528.75,540.53
528.68,540.53
528.68,540.53
528.68,540.53
528.76,540.54
528.63,540.52
528.39,540.31
527.56,539.46
526.87,538.8
526.87,538.8
526.87,538.8
526.92,538.73
526.67,538.51
526.7,538.54
526.48,538.4
526.45,538.35
526.45,538.35
526.45,538.35
526.54,538.37
526.45,538.37
526.42,538.38
526.45,538.38
526.46,538.36
526.46,538.36
526.46,538.36
527.36,539.08
527.35,539.12
526.65,539.01
526.65,539.01
526.65,539.01
526.65,539.01
526.65,539.01
526.72,538.61
526.45,538.5
526.46,538.49
526.47,538.43
526.3,538.22
526.3,538.22
526.3,538.22
526.36,538.11
526.03,537.85
525.75,537.48
525.44,537.38
525.36,537.28
525.36,537.28
525.36,537.28
525.57,537.43
525.82,537.84
525.8,537.76
525.9,537.81
525.94,537.75
525.94,537.75
525.94,537.75
526.27,538.02
526.27,538.11
526.27,538.11
526.31,538.17
526.31,538.17
526.31,538.17
526.31,538.17
526.27,538.16
526.23,538.17
526.24,538.13
526.21,538.09
526.65,538.53
526.65,538.53
526.65,538.53
526.76,538.47
526.73,538.52
526.77,538.55
526.78,538.52
526.8,538.56
526.8,538.56
526.8,538.56
526.84,538.55
526.76,538.54
526.75,538.55
526.71,538.55
526.69,538.55
526.69,538.55
526.69,538.55
526.71,538.58
526.65,538.56
527.73,539.65
528.07,539.99
530.25,542.46
530.25,542.46
530.25,542.46
530.45,542.45
530.47,542.38
530.42,542.34
530.4,542.32
530.38,542.28
530.38,542.28
530.38,542.28
530.42,542.28
530.02,542.31
530.01,542.31
529.91,542.22
529.9,542.2
529.9,542.2
529.9,542.2
529.92,542.19
529.89,542.2
529.93,542.24
529.4,541.74
529.31,541.64
529.31,541.64
529.31,541.64
528.88,541.14
528.79,541.06
528.78,541.09
528.81,541.11
528.63,540.92
528.63,540.92
528.63,540.92
528.71,540.97
528.47,540.82
528.49,540.87
528.48,540.86
528.38,540.73
528.38,540.73
528.38,540.73
528.44,540.71
528.34,540.61
528.28,540.63
528.27,540.65
528.25,540.62
528.25,540.62
528.25,540.62
528.34,540.68
528.3,540.69
528.3,540.69
528.32,540.74
528.31,540.73
528.31,540.73
528.31,540.73
528.36,540.72
528.3,540.71
528.25,540.67
528.31,540.7
528.29,540.71
528.29,540.71
528.29,540.71
528.39,540.72
528.36,540.79
528.41,540.8
528.43,540.8
528.42,540.79
528.42,540.79
528.42,540.79
528.44,540.75
528.3,540.73
528.28,540.71
528.27,540.78
528.31,540.81
528.31,540.81
528.31,540.81
528.44,540.84
528.39,540.85
528.39,540.88
528.35,540.85
527.75,540.31
527.75,540.31
527.75,540.31
527.53,539.97
527.36,539.87
527.35,539.82
527.34,539.79
527.32,539.76
527.32,539.76
527.32,539.76
527.38,539.75
527.35,539.79
527.43,539.83
527.44,539.87
529.05,541.46
529.05,541.46
529.05,541.46
529.18,541.5
529.35,541.74
529.48,541.91
531.08,543.54
531.45,543.97
531.45,543.97
531.45,543.97
531.5,543.99
531.47,544.02
531.28,543.84
529.86,542.4
528.15,540.51
528.15,540.51
528.15,540.51
527.59,539.98
527.59,539.98
527.42,539.83
527.35,539.78
527.43,539.88
527.43,539.88
527.43,539.88
527.39,539.89
527.38,539.82
527.39,539.81
527.64,540.09
527.72,540.21
527.72,540.21
527.72,540.21
527.71,540.21
528.62,541.04
528.8,541.27
528.93,541.33
528.92,541.29
528.92,541.29
528.92,541.29
528.96,541.29
528.94,541.3
529.01,541.4
528.99,541.36
528.47,540.76
528.47,540.76
528.47,540.76
528.47,540.76
528.13,540.49
528.06,540.54
528.05,540.53
528.01,540.46
528.01,540.46
528.01,540.46
528.0,540.43
528.09,540.52
528.08,540.54
528.07,540.57
528.06,540.6
528.06,540.6
528.06,540.6
528.1,540.58
528.07,540.55
527.93,540.38
527.99,540.4
528.01,540.43
528.01,540.43
528.01,540.43
528.09,540.42
528.01,540.41
527.97,540.41
527.95,540.37
527.93,540.37
527.93,540.37
527.93,540.37
528.01,540.41
527.95,540.4
527.94,540.47
527.92,540.46
527.94,540.44
527.94,540.44
527.94,540.44
527.12,539.46
526.62,539.04
526.6,539.05
526.44,538.94
526.41,538.96
526.41,538.96
526.41,538.96
526.47,538.94
526.4,538.98
526.45,538.95
526.44,538.86
526.05,538.71
526.05,538.71
526.05,538.71
526.29,538.68
526.27,538.74
526.25,538.73
526.36,538.77
526.03,538.51
526.03,538.51
526.03,538.51
526.1,538.47
526.29,538.71
526.3,538.7
526.27,538.7
526.26,538.71
526.26,538.71
526.26,538.71
526.27,538.7
526.21,538.69
526.23,538.7
526.33,538.81
528.4,540.87
528.4,540.87
528.4,540.87
530.12,542.6
530.25,542.88
530.43,543.04
531.31,544.3
531.31,544.3
531.31,544.3
531.31,544.3
532.33,545.04
532.31,545.18
531.94,544.87
531.94,544.87
531.94,544.87
531.94,544.87
531.94,544.87
530.77,543.79
530.26,543.39
530.49,543.42
530.45,543.36
529.76,542.6
529.76,542.6
529.76,542.6
529.34,541.93
528.71,541.33
528.74,541.33
528.74,541.3
528.74,541.34
528.74,541.34
528.74,541.34
528.81,541.29
529.01,541.54
529.01,541.56
529.54,542.13
529.77,542.44
529.77,542.44
529.77,542.44
529.89,542.49
530.09,542.78
530.53,543.26
531.29,543.92
531.87,544.57
531.87,544.57
531.87,544.57
531.99,544.65
532.19,544.82
532.21,544.83
532.23,544.83
532.08,544.74
532.08,544.74
532.08,544.74
531.98,544.53
531.44,544.2
531.19,543.95
530.24,542.98
529.41,542.12
529.41,542.12
529.41,542.12
529.47,542.05
529.36,542.01
529.59,542.16
529.45,542.04
529.18,541.82
529.18,541.82
529.18,541.82
529.28,541.75
529.17,541.77
529.23,541.81
529.23,541.82
529.67,542.2
529.67,542.2
529.67,542.2
529.68,542.22
529.59,542.25
529.58,542.24
529.33,542.06
529.43,542.09
529.43,542.09
529.43,542.09
529.52,542.05
529.4,542.02
529.43,542.03
529.07,541.7
529.08,541.67
529.08,541.67
529.08,541.67
528.99,541.57
528.93,541.57
528.94,541.54
528.96,541.57
528.89,541.44
528.89,541.44
528.89,541.44
528.95,541.43
528.86,541.45
528.7,541.45
528.7,541.45
528.7,541.45
528.7,541.45
528.7,541.45
528.7,541.36
528.77,541.59
529.59,542.23
529.61,542.17
529.64,542.23
529.64,542.23
529.64,542.23
529.98,542.44
530.3,542.81
530.27,542.8
530.27,542.76
530.2,542.72
530.2,542.72
530.2,542.72
530.2,542.72
530.1,542.55
529.62,542.1
529.43,541.79
529.15,541.62
529.15,541.62
529.15,541.62
529.09,541.63
529.33,541.83
529.33,541.87
529.26,541.86
529.23,541.83
529.23,541.83
529.23,541.83
529.33,541.83
530.01,542.65
530.84,543.48
531.0,543.62
531.49,544.03
531.49,544.03
531.49,544.03
531.4,543.95
531.19,543.73
531.2,543.71
531.17,543.69
531.14,543.65
531.14,543.65
531.14,543.65
531.18,543.61
531.15,543.65
531.03,543.48
530.81,543.3
530.77,543.34
530.77,543.34
530.77,543.34
530.76,543.21
530.83,543.38
531.07,543.64
531.09,543.63
531.02,543.65
531.02,543.65
531.02,543.65
531.32,543.86
531.67,544.39
532.04,544.6
531.85,544.36
531.69,544.17
531.69,544.17
531.69,544.17
532.25,544.26
531.98,544.5
532.14,544.71
532.51,544.99
534.33,546.81
534.33,546.81
534.33,546.81
535.27,547.42
535.88,548.09
535.9,548.12
536.42,548.88
536.52,549.04
536.52,549.04
536.52,549.04
536.33,548.83
536.2,548.77
536.18,548.79
536.14,548.76
537.14,549.74
537.14,549.74
537.14,549.74
539.81,552.54
539.86,552.66
540.13,552.75
540.49,553.08
540.33,552.9
540.33,552.9
540.33,552.9
540.47,552.93
541.63,554.11
541.67,554.2
541.59,554.14
541.58,554.11
541.58,554.11
541.58,554.11
541.59,554.1
542.03,554.69
542.15,554.84
542.17,554.88
542.49,555.16
542.49,555.16
542.49,555.16
542.61,555.16
542.55,555.17
542.17,554.74
541.51,554.16
541.41,554.04
541.41,554.04
541.41,554.04
541.48,554.02
541.39,554.03
541.39,554.03
541.42,554.12
541.36,554.3
541.36,554.3
541.36,554.3
541.36,554.3
541.42,554.16
541.31,554.16
542.81,555.6
543.29,556.16
543.29,556.16
543.29,556.16
543.18,555.91
543.18,555.91
543.19,555.87
543.26,556.02
543.31,556.03
543.31,556.03
543.31,556.03
543.22,555.93
543.59,556.33
543.61,556.31
543.64,556.41
543.5,556.18
543.5,556.18
543.5,556.18
543.5,556.18
544.03,556.53
543.97,556.57
544.66,557.34
545.11,557.8
545.11,557.8
545.11,557.8
545.01,557.65
545.02,557.63
545.02,557.62
546.03,558.69
546.11,558.77
546.11,558.77
546.11,558.77
546.0,558.63
545.98,558.64
546.0,558.63
545.99,558.6
546.0,558.6
546.0,558.6
546.0,558.6
546.02,558.61
545.94,558.59
546.2,558.83
546.35,558.96
546.37,558.99
546.37,558.99
546.37,558.99
546.53,559.1
546.16,558.78
545.49,558.08
545.49,558.08
545.26,557.76
545.26,557.76
545.26,557.76
545.12,557.69
545.2,557.77
545.35,557.92
545.92,558.56
545.94,558.59
545.94,558.59
545.94,558.59
545.97,558.62
545.93,558.63
545.95,558.61
546.33,558.8
546.35,558.86
546.35,558.86
546.35,558.86
546.33,558.8
546.91,559.41
547.23,559.78
547.25,559.76
547.21,559.8
547.21,559.8
547.21,559.8
547.23,559.76
547.18,559.79
547.19,559.8
547.24,559.82
547.26,559.82
547.26,559.82
547.26,559.82
547.26,559.82
547.32,559.82
547.27,559.84
547.25,559.83
547.23,559.82
547.23,559.82
547.23,559.82
547.2,559.81
547.38,559.98
547.4,559.99
547.55,560.17
547.38,560.18
547.38,560.18
547.38,560.18
547.4,560.12
547.6,560.12
547.79,560.3
547.94,560.43
548.45,561.04
548.45,561.04
548.45,561.04
548.71,561.27
548.69,561.32
549.03,561.64
549.34,561.98
549.13,561.81
549.13,561.81
549.13,561.81
549.16,561.79
549.13,561.8
549.12,561.79
548.7,561.35
548.04,560.74
548.04,560.74
548.04,560.74
547.43,559.99
547.36,559.95
547.34,559.9
547.05,559.72
546.82,559.53
546.82,559.53
546.82,559.53
546.58,559.15
545.75,558.4
545.25,557.95
545.17,557.88
545.17,557.75
545.17,557.75
545.17,557.75
545.24,557.77
545.13,557.72
545.1,557.64
545.04,557.61
545.01,557.6
545.01,557.6
545.01,557.6
545.09,557.61
545.06,557.64
545.05,557.62
545.08,557.63
545.07,557.64
545.07,557.64
545.07,557.64
545.47,557.96
546.41,559.02
548.32,561.04
549.06,561.8
548.06,560.77
548.06,560.77
548.06,560.77
548.2,560.84
548.32,561.08
548.26,561.09
548.18,561.1
548.18,561.1
548.18,561.1
548.18,561.1
548.14,561.1
548.17,561.09
548.8,561.6
549.12,561.87
549.27,561.98
549.27,561.98
549.27,561.98
549.4,561.95
549.33,561.94
549.12,561.76
548.6,561.19
548.1,560.76
548.1,560.76
548.1,560.76
548.09,560.62
548.03,560.62
548.04,560.6
548.01,560.59
547.97,560.59
547.97,560.59
547.97,560.59
548.03,560.61
547.92,560.66
547.86,560.62
548.23,560.96
548.64,561.38
548.64,561.38
548.64,561.38
548.75,561.42
550.08,562.7
550.14,562.77
550.99,563.62
551.63,564.19
551.63,564.19
551.63,564.19
551.93,564.53
553.1,565.82
553.62,566.31
553.65,566.38
554.08,566.16
554.08,566.16
554.08,566.16
554.18,566.77
553.95,566.9
554.5,567.49
555.82,568.78
555.98,568.92
555.98,568.92
555.98,568.92
556.06,568.93
555.93,568.9
555.93,568.87
555.76,568.77
555.3,568.37
555.3,568.37
555.3,568.37
555.19,568.16
554.97,567.96
554.65,567.29
554.58,567.26
554.6,567.27
554.6,567.27
554.6,567.27
554.88,567.4
554.82,567.44
555.35,567.98
555.41,568.09
555.1,567.83
555.1,567.83
555.1,567.83
555.09,567.72
554.52,567.21
553.57,566.17
552.9,565.53
551.81,564.43
551.81,564.43
551.81,564.43
551.56,564.07
551.44,564.04
551.63,564.3
552.11,564.85
552.12,564.89
552.12,564.89
552.12,564.89
552.48,565.11
552.67,565.41
553.27,566.11
554.43,567.34
554.47,567.36
554.47,567.36
554.47,567.36
555.0,567.62
555.46,568.13
556.14,568.79
556.36,568.99
556.52,569.13
556.52,569.13
556.52,569.13
556.57,569.28
556.57,569.28
555.36,568.2
555.36,568.2
555.36,568.2
555.36,568.2
555.36,568.2
555.12,567.7
554.88,567.62
554.8,567.67
554.85,567.67
554.84,567.71
554.84,567.71
554.84,567.71
555.19,567.88
555.75,568.5
556.79,569.56
557.86,570.62
557.9,570.72
557.9,570.72
557.9,570.72
557.9,570.72
558.49,571.14
558.84,571.55
559.43,572.04
560.92,573.51
560.92,573.51
560.92,573.51
561.84,574.48
563.79,576.33
564.18,576.74
564.14,576.74
564.43,577.03
564.43,577.03
564.43,577.03
564.86,577.39
566.31,578.94
569.26,581.9
570.71,583.37
573.82,586.43
573.82,586.43
573.82,586.43
577.98,590.57
582.18,595.13
585.56,598.49
581.71,594.47
574.06,587.25
574.06,587.25
574.06,587.25
570.26,582.87
567.37,580.12
564.22,576.86
562.76,575.67
562.74,575.47
562.74,575.47
562.74,575.47
562.8,575.4
562.76,575.46
562.88,575.52
563.6,576.39
564.56,577.4
564.56,577.4
564.56,577.4
564.75,577.48
564.71,577.53
564.65,577.45
564.67,577.46
564.12,576.78
564.12,576.78
564.12,576.78
564.18,576.83
564.62,577.37
564.65,577.39
564.62,577.39
564.58,577.39
564.58,577.39
564.58,577.39
564.69,577.41
564.55,577.39
564.77,577.64
567.09,579.87
566.01,579.03
566.01,579.03
566.01,579.03
568.31,575.38
568.87,575.6
569.67,575.13
569.21,574.54
569.3,574.83
569.3,574.83
569.3,574.83
568.51,575.44
569.99,575.0
569.83,575.05
568.48,574.01
568.2,574.57
568.2,574.57
568.2,574.57
568.39,574.99
569.33,575.01
569.7,574.39
569.73,575.18
568.9,575.25
568.9,575.25
568.9,575.25
568.63,575.35
568.63,575.35
568.75,575.05
569.68,574.58
568.87,575.17
568.87,575.17
568.87,575.17
568.96,575.59
570.34,576.62
570.34,576.62
571.55,577.62
571.5,577.62
571.5,577.62
571.5,577.62
570.43,577.91
572.26,578.44
573.7,579.33
573.54,578.83
572.97,578.91
572.97,578.91
572.97,578.91
572.88,578.66
572.88,578.66
572.09,578.02
571.1,577.6
571.6,577.4
571.6,577.4
571.6,577.4
571.4,577.48
572.08,577.14
572.65,577.18
572.34,577.52
571.41,577.27
571.41,577.27
571.41,577.27
571.05,577.53
571.27,577.23
571.91,577.42
572.81,578.08
572.7,578.78
572.7,578.78
572.7,578.78
571.95,579.35
574.36,579.71
575.52,580.65
576.17,580.87
574.29,580.76
574.29,580.76
574.29,580.76
574.41,580.63
575.12,579.95
574.94,579.82
574.22,579.48
574.22,579.48
574.22,579.48
574.22,579.48
573.53,579.37
573.44,578.91
572.93,578.28
572.55,577.96
571.46,577.33
571.46,577.33
571.46,577.33
570.37,577.11
570.74,576.62
570.52,575.13
569.62,575.01
568.33,574.13
568.33,574.13
568.33,574.13
567.04,575.46
569.57,575.46
570.62,575.47
571.73,575.76
571.28,577.04
571.28,577.04
571.28,577.04
571.37,577.87
571.7,577.4
571.33,576.74
570.42,574.78
568.13,573.78
568.13,573.78
568.13,573.78
568.13,573.78
566.69,573.16
567.24,572.85
567.3,572.42
567.15,573.5
567.15,573.5
567.15,573.5
566.52,573.2
566.39,571.71
567.21,571.94
566.83,571.74
566.02,572.36
566.02,572.36
566.02,572.36
566.65,572.11
566.23,571.69
566.28,572.54
567.65,572.56
566.36,571.72
566.36,571.72
566.36,571.72
565.77,572.71
566.91,572.66
567.08,572.37
567.41,571.92
566.92,572.06
566.92,572.06
566.92,572.06
566.25,571.88
565.96,571.11
565.3,570.9
564.76,569.83
563.48,569.41
563.48,569.41
563.48,569.41
561.75,568.8
562.63,568.51
562.57,568.37
562.71,568.06
563.36,568.04
563.36,568.04
563.36,568.04
563.12,568.41
562.81,568.47
563.32,568.56
563.42,568.13
562.25,568.91
562.25,568.91
562.25,568.91
563.12,568.42
563.1,568.6
563.53,568.75
563.83,568.85
562.34,569.0
562.34,569.0
562.34,569.0
562.75,568.86
562.9,568.65
563.45,568.83
563.72,568.08
563.04,568.37
563.04,568.37
563.04,568.37
562.94,568.59
563.16,569.12
563.81,570.03
565.01,570.82
563.7,571.05
563.7,571.05
563.7,571.05
563.7,571.05
565.26,570.96
565.52,571.33
566.42,572.56
566.42,572.56
566.42,572.56
566.42,572.56
566.42,572.56
566.08,572.71
566.76,572.25
568.03,572.97
566.03,572.42
566.03,572.42
566.03,572.42
565.85,572.94
566.99,572.79
566.86,573.06
567.17,572.38
566.0,571.96
566.0,571.96
566.0,571.96
565.29,571.51
565.5,571.56
565.85,570.47
565.9,571.06
565.61,571.73
565.61,571.73
565.61,571.73
566.03,571.85
566.23,572.02
565.63,571.66
566.4,571.12
566.05,571.09
566.05,571.09
566.05,571.09
565.9,571.61
566.4,572.27
566.31,573.22
567.99,573.5
567.54,574.09
567.54,574.09
567.54,574.09
568.29,575.37
569.8,576.51
570.24,577.36
571.48,576.75
569.44,575.42
569.44,575.42
569.44,575.42
567.69,574.55
567.36,572.8
566.51,572.34
566.84,572.06
566.64,572.54
566.64,572.54
566.64,572.54
566.04,572.41
566.26,572.88
566.36,572.61
566.83,572.58
566.56,572.43
566.56,572.43
566.56,572.43
566.69,572.84
567.12,572.82
566.62,572.84
566.66,572.81
566.32,572.78
566.32,572.78
566.32,572.78
566.37,572.76
566.64,571.74
566.4,571.85
566.53,571.77
566.41,572.11
566.41,572.11
566.41,572.11
565.84,572.34
565.4,571.5
564.78,569.91
563.33,568.26
562.68,568.66
562.68,568.66
562.68,568.66
561.68,568.69
561.8,568.08
562.25,568.18
562.8,567.45
562.15,567.34
562.15,567.34
562.15,567.34
562.04,568.08
563.17,568.4
562.4,569.31
562.4,569.31
562.4,569.31
562.4,569.31
562.4,569.31
561.31,569.19
561.98,569.33
562.99,569.12
564.13,569.87
564.48,570.2
564.48,570.2
564.48,570.2
562.47,568.88
563.27,568.56
563.27,568.56
562.69,567.63
562.07,567.0
562.07,567.0
562.07,567.0
561.08,567.39
561.1,567.47
560.65,567.53
561.21,566.82
561.27,567.64
561.27,567.64
561.27,567.64
560.66,567.56
560.45,567.04
561.19,567.03
562.17,567.3
562.04,568.31
562.04,568.31
562.04,568.31
562.13,568.82
562.13,568.82
560.57,568.71
561.64,568.53
562.76,569.08
562.76,569.08
562.76,569.08
562.96,569.39
562.96,569.39
563.21,569.08
563.5,569.0
562.78,568.92
562.78,568.92
562.78,568.92
562.24,568.3
562.24,567.97
562.9,568.01
561.77,567.83
560.94,567.7
560.94,567.7
560.94,567.7
560.46,567.04
560.69,567.14
560.87,567.31
562.45,568.19
561.8,567.91
561.8,567.91
561.8,567.91
561.65,568.77
562.43,568.84
563.5,568.77
564.16,569.97
564.1,570.54
564.1,570.54
564.1,570.54
563.17,570.44
562.76,570.25
565.01,570.49
564.36,570.69
564.27,571.16
564.27,571.16
564.27,571.16
563.08,570.45
564.36,570.44
565.03,570.37
565.01,570.19
564.57,569.94
564.57,569.94
564.57,569.94
564.01,570.76
564.4,570.31
562.85,570.19
563.92,570.67
564.99,570.52
564.99,570.52
564.99,570.52
563.76,570.65
564.08,570.59
564.74,570.05
564.17,569.79
563.44,570.08
563.44,570.08
563.44,570.08
562.45,571.08
564.02,571.26
563.96,570.53
565.1,570.29
563.68,570.94
563.68,570.94
563.68,570.94
564.06,571.54
563.31,570.68
564.21,569.68
564.33,570.04
563.84,569.76
563.84,569.76
563.84,569.76
563.91,569.58
564.43,570.3
564.45,570.71
564.07,569.94
564.13,570.39
564.13,570.39
564.13,570.39
564.19,570.89
563.91,570.29
563.91,570.29
563.64,569.36
563.74,569.81
563.74,569.81
563.74,569.81
563.43,570.07
563.85,570.19
564.83,570.34
564.83,570.34
562.76,570.15
562.76,570.15
562.76,570.15
564.31,570.78
563.29,570.65
564.05,570.91
564.41,569.82
564.25,570.19
564.25,570.19
564.25,570.19
564.47,570.22
564.57,570.0
564.57,570.0
564.08,570.12
564.42,569.78
564.42,569.78
564.42,569.78
563.33,571.24
563.9,571.96
565.23,571.24
565.86,572.26
565.27,571.75
565.27,571.75
565.27,571.75
565.97,572.65
566.09,573.18
567.07,574.86
569.54,575.67
571.36,578.56
571.36,578.56
571.36,578.56
574.01,583.11
576.87,585.15
579.09,585.74
581.28,586.9
579.39,585.62
579.39,585.62
579.39,585.62
576.72,584.47
575.77,582.4
574.39,579.76
574.47,579.69
573.61,581.34
573.61,581.34
573.61,581.34
573.93,580.65
575.13,580.71
574.33,580.78
575.66,581.43
574.61,581.09
574.61,581.09
574.61,581.09
577.27,580.7
575.04,581.54
577.58,582.87
579.45,585.69
579.12,585.8
579.12,585.8
579.12,585.8
578.1,586.14
579.03,587.15
580.8,587.57
584.05,588.87
583.2,591.27
583.2,591.27
583.2,591.27
585.63,593.22
588.08,594.6
589.47,596.18
591.73,598.14
590.51,597.15
590.51,597.15
590.51,597.15
590.51,597.15
590.55,596.89
589.8,596.81
590.33,595.81
589.53,596.54
589.53,596.54
589.53,596.54
590.27,597.09
590.19,596.13
592.84,597.76
594.8,599.4
594.51,601.4
594.51,601.4
594.51,601.4
596.48,605.59
603.2,610.74
613.01,620.76
611.97,618.89
613.16,622.08
613.16,622.08
613.16,622.08
617.23,627.2
622.99,631.3
619.68,628.11
619.85,625.31
616.96,623.71
616.96,623.71
616.96,623.71
614.27,621.46
614.26,620.13
610.31,616.21
603.6,610.29
597.26,604.76
597.26,604.76
597.26,604.76
595.06,603.04
595.87,604.52
597.6,607.29
602.97,609.75
605.0,610.79
605.0,610.79
605.0,610.79
602.78,610.19
600.06,606.2
597.03,602.69
596.15,603.1
596.91,604.28
596.91,604.28
596.91,604.28
597.13,604.45
598.33,603.82
597.29,602.95
597.4,603.22
595.45,601.66
595.45,601.66
595.45,601.66
595.3,602.08
594.74,601.6
595.68,600.76
595.18,599.88
593.21,598.69
593.21,598.69
593.21,598.69
593.13,599.93
595.01,601.66
598.4,604.05
600.22,605.54
600.16,606.51
600.16,606.51
600.16,606.51
600.96,607.64
600.96,607.64
601.82,608.87
603.69,610.42
604.39,611.75
604.39,611.75
604.39,611.75
604.39,611.75
604.39,611.75
603.01,611.55
604.77,611.68
602.4,611.55
602.4,611.55
602.4,611.55
605.39,612.93
604.83,612.21
605.61,612.12
604.86,610.49
602.3,608.8
602.3,608.8
602.3,608.8
599.81,606.63
598.84,605.08
596.67,602.97
597.13,603.52
597.0,604.7
597.0,604.7
597.0,604.7
597.49,605.15
598.6,606.56
603.22,608.11
605.03,610.7
606.26,612.6
606.26,612.6
606.26,612.6
606.85,613.97
608.99,614.95
607.85,614.17
608.04,614.32
607.4,615.31
607.4,615.31
607.4,615.31
606.03,616.4
608.51,616.45
608.11,615.35
610.01,615.12
608.78,614.96
608.78,614.96
608.78,614.96
607.96,615.06
608.15,614.08
607.24,612.76
607.17,612.42
604.45,611.36
604.45,611.36
604.45,611.36
605.64,611.2
605.76,612.62
606.89,612.0
605.97,611.69
606.05,611.12
606.05,611.12
606.05,611.12
604.97,612.21
605.35,611.66
605.05,610.72
604.08,609.76
602.58,609.32
602.58,609.32
602.58,609.32
602.87,608.5
603.97,610.37
605.74,611.11
605.89,611.39
604.45,610.76
604.45,610.76
604.45,610.76
602.37,608.21
601.13,607.25
599.23,604.75
596.83,601.76
594.28,600.62
594.28,600.62
594.28,600.62
592.67,598.73
592.09,600.39
597.7,603.16
598.76,605.23
604.62,612.61
604.62,612.61
604.62,612.61
604.5,610.54
601.65,608.14
600.64,606.75
598.41,603.85
596.04,602.36
596.04,602.36
596.04,602.36
595.0,602.74
597.18,605.49
602.41,608.93
604.31,609.46
601.99,608.58
601.99,608.58
601.99,608.58
601.42,607.96
599.82,605.3
598.67,603.7
598.67,603.7
596.34,602.69
596.34,602.69
596.34,602.69
595.01,600.73
592.91,598.79
592.5,598.63
592.5,598.63
592.5,598.63
592.5,598.63
592.5,598.63
593.76,601.24
596.66,603.51
598.81,605.24
597.0,603.05
594.26,599.75
594.26,599.75
594.26,599.75
592.98,599.09
592.27,598.9
592.27,598.9
593.09,599.48
591.37,598.34
591.37,598.34
591.37,598.34
591.14,598.76
591.57,599.1
591.88,597.82
592.28,598.45
591.91,597.68
591.91,597.68
591.91,597.68
590.86,596.5
588.8,594.57
586.7,592.66
584.48,591.45
584.01,590.91
584.01,590.91
584.01,590.91
584.57,591.28
584.47,591.09
587.46,593.71
587.89,594.03
588.41,594.97
588.41,594.97
588.41,594.97
587.93,594.51
587.05,592.86
585.97,591.24
584.11,590.54
583.49,591.03
583.49,591.03
583.49,591.03
583.91,591.07
585.32,593.65
589.38,594.5
589.42,596.5
588.66,595.4
588.66,595.4
588.66,595.4
586.02,592.68
584.85,591.39
586.62,589.59
582.59,588.52
581.13,588.89
581.13,588.89
581.13,588.89
580.66,587.86
580.8,587.43
581.92,589.16
581.65,587.95
581.72,588.06
581.72,588.06
581.72,588.06
581.18,587.81
580.76,587.13
578.98,586.31
578.35,585.45
576.72,583.64
576.72,583.64
576.72,583.64
574.89,583.23
576.49,583.31
578.17,585.17
579.32,585.83
578.21,585.77
578.21,585.77
578.21,585.77
578.34,585.53
579.47,585.5
579.1,584.18
578.21,584.05
575.32,582.11
575.32,582.11
575.32,582.11
572.15,578.39
571.58,577.89
572.27,578.31
571.81,578.78
570.73,577.37
570.73,577.37
570.73,577.37
569.91,576.82
570.44,575.97
570.31,575.69
570.31,575.69
568.86,574.94
568.86,574.94
568.86,574.94
567.5,573.97
567.11,573.46
566.52,572.26
566.6,573.55
566.6,573.55
566.6,573.55
566.6,573.55
565.44,573.27
565.2,573.18
566.95,573.32
567.31,573.53
567.34,574.07
567.34,574.07
567.34,574.07
567.07,573.62
566.6,572.43
565.42,571.3
565.42,571.3
563.82,570.46
563.82,570.46
563.82,570.46
562.23,569.92
561.39,568.07
561.75,568.45
562.94,569.53
563.07,570.2
563.07,570.2
563.07,570.2
562.87,570.17
563.95,570.03
565.17,570.99
566.45,572.89
567.66,575.16
567.66,575.16
567.66,575.16
568.57,577.15
573.02,579.59
574.08,580.82
576.2,582.67
575.05,581.13
575.05,581.13
575.05,581.13
573.58,579.79
571.93,577.96
571.18,577.28
572.08,578.83
572.43,579.66
572.43,579.66
572.43,579.66
572.98,580.49
574.73,580.77
574.83,582.0
576.05,583.55
576.71,583.86
576.71,583.86
576.71,583.86
578.31,585.06
579.57,585.84
578.67,585.43
578.99,584.74
577.93,583.88
577.93,583.88
577.93,583.88
576.58,583.46
576.29,583.23
577.82,585.11
579.41,585.76
578.1,585.88
578.1,585.88
578.1,585.88
577.42,585.11
578.1,584.46
578.5,583.98
578.28,583.69
576.37,583.57
576.37,583.57
576.37,583.57
574.86,581.85
574.45,580.84
576.41,582.42
575.95,582.66
577.13,583.79
577.13,583.79
577.13,583.79
578.93,585.42
577.82,585.88
579.2,586.0
581.49,586.66
579.25,585.91
579.25,585.91
579.25,585.91
578.1,584.91
579.36,585.31
579.86,585.39
581.05,585.89
580.34,587.5
580.34,587.5
580.34,587.5
578.86,587.75
581.08,587.94
581.66,588.06
581.61,586.18
579.76,586.21
579.76,586.21
579.76,586.21
578.69,585.86
577.98,584.69
577.49,583.26
576.19,582.36
573.76,579.99
573.76,579.99
573.76,579.99
570.97,578.48
569.76,576.44
569.74,576.71
568.17,573.72
565.43,571.8
565.43,571.8
565.43,571.8
562.54,571.23
561.57,567.77
560.45,566.37
559.83,566.56
558.9,565.89
558.9,565.89
558.9,565.89
560.22,567.65
563.53,572.01
563.99,571.81
566.91,573.19
565.08,572.22
565.08,572.22
565.08,572.22
565.59,572.08
567.59,573.52
567.6,574.59
566.61,572.52
563.73,570.76
563.73,570.76
563.73,570.76
562.33,570.05
562.52,569.16
563.65,569.29
562.52,569.89
563.21,569.57
563.21,569.57
563.21,569.57
564.72,571.81
568.49,574.93
568.49,574.93
569.34,575.66
569.93,575.56
569.93,575.56
569.93,575.56
570.09,576.49
570.09,576.49
570.09,576.49
569.5,576.3
569.37,576.24
569.37,576.24
569.37,576.24
567.47,576.37
569.58,576.72
569.47,576.74
569.84,576.49
568.61,575.93
568.61,575.93
568.61,575.93
566.59,573.34
565.82,572.01
564.67,570.74
563.37,569.43
561.47,568.43
561.47,568.43
561.47,568.43
561.54,568.42
563.46,570.32
565.35,572.03
567.19,573.61
566.44,573.51
566.44,573.51
566.44,573.51
565.53,573.13
566.55,572.64
567.26,573.08
567.06,573.36
566.38,573.61
566.38,573.61
566.38,573.61
567.47,576.12
571.5,578.69
572.7,578.64
572.69,579.34
570.4,577.83
570.4,577.83
570.4,577.83
568.5,576.3
568.17,574.43
566.8,572.52
565.61,571.22
563.98,570.33
563.98,570.33
563.98,570.33
564.12,571.63
566.03,573.02
567.06,574.93
569.08,575.34
569.46,575.93
569.46,575.93
569.46,575.93
568.77,575.03
568.63,574.68
567.15,572.68
565.84,571.54
565.87,572.33
565.87,572.33
565.87,572.33
566.37,574.39
569.08,576.37
569.61,578.08
569.7,576.57
566.21,573.35
566.21,573.35
566.21,573.35
565.13,572.37
564.57,570.25
561.7,567.42
562.21,568.0
560.66,567.68
560.66,567.68
560.66,567.68
560.75,568.32
563.22,568.7
563.38,569.74
564.8,570.64
565.64,573.56
565.64,573.56
565.64,573.56
569.54,576.98
572.33,579.7
575.42,582.05
577.33,583.83
577.9,585.5
577.9,585.5
577.9,585.5
579.5,587.37
577.1,583.71
573.19,580.08
570.94,577.96
567.3,575.49
567.3,575.49
567.3,575.49
568.25,574.45
568.55,575.12
568.55,575.12
568.55,575.12
568.55,575.12
568.55,575.12
568.55,575.12
566.35,573.07
564.13,569.29
561.28,567.52
559.65,565.54
558.99,565.11
558.99,565.11
558.99,565.11
562.97,569.18
564.29,571.9
564.68,571.09
564.38,569.03
562.93,570.07
562.93,570.07
562.93,570.07
563.35,569.75
564.88,571.09
564.42,571.46
565.24,571.92
565.24,571.92
565.24,571.92
565.24,571.92
564.81,572.42
565.57,572.7
565.04,571.91
565.82,571.97
565.3,572.03
565.3,572.03
565.3,572.03
565.48,572.35
566.32,571.6
566.43,571.82
566.13,571.76
565.48,572.39
565.48,572.39
565.48,572.39
566.57,573.39
567.07,574.5
567.67,574.72
566.87,574.0
566.57,573.68
566.57,573.68
566.57,573.68
568.19,574.07
567.62,575.0
570.64,575.2
569.46,576.11
570.22,576.93
570.22,576.93
570.22,576.93
571.29,579.35
573.19,581.02
574.66,582.02
573.68,582.45
574.99,582.87
574.99,582.87
574.99,582.87
575.7,583.72
577.25,584.02
576.9,583.14
574.5,580.61
571.42,578.83
571.42,578.83
571.42,578.83
571.04,577.88
571.33,577.79
573.23,579.18
574.26,579.62
570.26,579.72
570.26,579.72
570.26,579.72
574.06,580.13
573.31,580.86
576.33,582.26
576.83,582.92
577.49,583.67
577.49,583.67
577.49,583.67
577.51,583.49
579.01,584.96
579.27,586.23
577.06,586.21
577.65,585.34
577.65,585.34
577.65,585.34
577.51,585.79
578.08,585.19
579.2,584.96
578.26,585.19
579.0,584.65
579.0,584.65
579.0,584.65
577.84,584.55
577.5,583.46
578.74,582.86
578.91,584.16
578.7,584.52
578.7,584.52
578.7,584.52
576.47,584.94
576.73,585.21
579.78,585.62
579.6,586.01
579.69,586.27
579.69,586.27
579.69,586.27
579.69,586.27
580.49,586.9
580.51,586.91
582.15,588.33
582.41,590.74
582.41,590.74
582.41,590.74
584.23,592.22
586.65,594.44
588.12,595.21
588.7,596.17
588.22,595.91
588.22,595.91
588.22,595.91
590.69,598.21
592.54,599.13
594.48,600.11
592.81,598.23
591.44,598.28
591.44,598.28
591.44,598.28
591.44,598.28
591.38,597.97
591.69,597.82
588.34,596.42
588.38,595.58
588.38,595.58
588.38,595.58
588.04,596.93
591.52,597.21
591.61,598.31
591.43,597.66
590.21,598.0
590.21,598.0
590.21,598.0
592.02,598.03
593.12,599.44
593.21,600.18
594.1,600.8
595.36,600.52
595.36,600.52
595.36,600.52
594.61,601.42
592.96,601.59
595.7,600.5
592.43,599.08
590.92,597.43
590.92,597.43
590.92,597.43
590.92,597.43
591.9,598.32
593.8,599.47
594.8,599.86
594.93,601.51
594.93,601.51
594.93,601.51
595.02,602.45
596.9,603.17
596.58,604.16
598.25,604.1
598.65,604.47
598.65,604.47
598.65,604.47
599.38,606.1
600.45,606.68
601.71,607.93
599.16,605.8
597.16,604.9
597.16,604.9
597.16,604.9
597.97,603.93
599.1,605.69
598.82,605.55
599.55,605.34
597.61,605.19
597.61,605.19
597.61,605.19
598.44,605.38
599.36,605.69
600.71,606.24
599.66,605.75
599.53,605.24
599.53,605.24
599.53,605.24
599.14,605.6
598.03,606.11
599.2,606.95
600.03,606.91
602.67,608.12
602.67,608.12
602.67,608.12
603.01,609.42
603.06,610.86
605.45,611.93
604.91,611.79
604.74,612.92
604.74,612.92
604.74,612.92
605.74,614.07
607.11,614.55
606.63,614.28
608.5,615.24
608.06,615.48
608.06,615.48
608.06,615.48
609.19,616.41
608.9,616.58
610.85,616.32
609.39,614.28
606.51,613.41
606.51,613.41
606.51,613.41
605.21,612.02
604.11,610.62
603.72,609.46
601.1,605.99
597.0,603.63
597.0,603.63
597.0,603.63
596.95,602.44
595.48,603.54
597.87,605.66
602.49,608.4
600.18,608.79
600.18,608.79
600.18,608.79
600.18,608.79
600.64,607.76
597.99,605.34
597.41,603.25
598.08,602.63
598.08,602.63
598.08,602.63
598.79,604.67
599.47,606.12
602.72,608.06
603.18,609.1
602.82,609.91
602.82,609.91
602.82,609.91
603.56,609.91
601.52,608.84
601.37,608.5
602.4,608.45
602.48,609.79
602.48,609.79
602.48,609.79
604.69,611.54
605.46,612.86
605.25,612.62
607.32,613.13
607.32,613.13
607.32,613.13
607.32,613.13
606.28,614.17
609.43,616.86
610.53,617.3
610.53,617.3
610.53,617.3
610.53,617.3
610.53,617.3
609.0,616.51
609.24,616.06
611.6,617.25
611.63,617.78
609.74,617.8
609.74,617.8
609.74,617.8
608.21,617.2
608.6,615.88
606.86,612.75
605.03,611.12
604.92,611.74
604.92,611.74
604.92,611.74
606.58,612.02
606.13,612.89
606.5,613.69
608.07,614.06
606.29,614.59
606.29,614.59
606.29,614.59
609.98,614.92
610.29,615.55
609.55,615.98
609.68,616.01
608.93,616.16
608.93,616.16
608.93,616.16
609.17,616.09
609.74,616.68
609.59,615.43
608.72,614.48
606.48,613.94
606.48,613.94
606.48,613.94
608.07,614.73
608.77,614.55
607.81,614.13
607.33,612.89
605.67,612.63
605.67,612.63
605.67,612.63
605.12,613.03
608.82,613.8
607.99,615.34
608.17,614.6
606.37,614.11
606.37,614.11
606.37,614.11
606.57,614.1
607.13,613.56
606.91,614.26
609.26,615.08
610.09,615.84
610.09,615.84
610.09,615.84
609.54,616.48
610.08,615.81
607.96,615.43
607.96,615.08
607.19,614.22
607.19,614.22
607.19,614.22
607.37,613.27
605.24,613.18
606.63,612.27
606.71,612.54
606.62,612.82
606.62,612.82
606.62,612.82
606.0,612.66
607.8,612.89
607.43,613.58
607.84,612.89
606.13,613.28
606.13,613.28
606.13,613.28
605.14,613.78
608.24,614.15
609.81,615.43
609.35,615.66
608.55,616.33
608.55,616.33
608.55,616.33
607.45,616.24
610.29,615.81
608.16,615.13
608.16,615.13
608.16,615.13
608.16,615.13
608.16,615.13
607.12,615.26
606.94,614.27
608.74,614.78
609.46,614.68
608.16,615.45
608.16,615.45
608.16,615.45
606.99,616.03
609.24,615.13
609.64,615.09
609.31,615.35
609.97,615.84
609.97,615.84
609.97,615.84
610.29,615.98
609.94,616.6
612.9,617.21
612.41,618.49
611.52,619.1
611.52,619.1
611.52,619.1
613.42,619.9
612.49,620.1
614.73,621.67
613.35,619.44
611.08,616.92
611.08,616.92
611.08,616.92
611.08,616.92
609.42,617.73
609.3,618.26
613.44,618.81
612.79,618.72
612.79,618.72
612.79,618.72
611.95,618.97
611.97,618.31
613.29,618.02
611.39,617.49
609.82,616.06
609.82,616.06
609.82,616.06
610.79,617.38
612.08,619.5
613.54,619.61
611.16,620.34
613.11,620.02
613.11,620.02
613.11,620.02
614.15,620.0
614.26,619.92
613.79,621.08
614.87,620.04
613.22,620.24
613.22,620.24
613.22,620.24
613.03,621.39
614.7,621.99
614.82,621.72
613.87,620.81
613.32,620.64
613.32,620.64
613.32,620.64
613.47,621.1
614.13,621.04
614.07,621.13
614.8,620.54
614.1,620.21
614.1,620.21
614.1,620.21
614.39,619.9
612.63,618.65
614.07,619.77
614.07,620.3
614.04,621.02
614.04,621.02
614.04,621.02
613.84,621.16
613.89,621.41
616.7,622.1
615.79,621.39
614.23,620.67
614.23,620.67
614.23,620.67
614.9,621.83
615.25,621.92
615.47,621.88
615.82,622.51
614.62,621.94
614.62,621.94
614.62,621.94
615.5,621.97
614.5,622.34
616.31,623.31
618.14,623.6
617.97,623.6
617.97,623.6
617.97,623.6
616.19,622.75
615.01,621.07
615.43,620.24
615.16,621.43
614.67,621.39
614.67,621.39
614.67,621.39
613.56,621.92
617.15,621.43
614.45,620.18
615.07,621.57
615.42,621.69
615.42,621.69
615.42,621.69
615.42,621.69
614.47,622.22
616.66,623.02
617.93,623.17
616.89,622.98
616.89,622.98
616.89,622.98
616.89,622.98
616.78,623.78
617.14,623.53
615.68,623.23
616.39,623.02
616.39,623.02
616.39,623.02
616.79,624.05
618.41,623.84
618.64,624.39
618.01,623.17
615.49,622.37
615.49,622.37
615.49,622.37
615.83,622.17
616.7,622.47
616.73,622.72
616.31,622.4
615.97,622.85
615.97,622.85
615.97,622.85
616.95,623.53
619.55,624.25
619.36,625.14
620.29,625.43
619.7,625.78
619.7,625.78
619.7,625.78
619.83,626.46
619.72,627.04
620.94,627.41
619.1,627.62
619.6,627.12
619.6,627.12
619.6,627.12
620.69,627.53
621.16,627.91
623.32,629.01
623.92,630.41
622.56,628.89
622.56,628.89
622.56,628.89
622.56,628.89
621.04,627.47
621.28,627.09
620.82,627.31
619.94,626.87
619.94,626.87
619.94,626.87
621.68,627.01
619.6,627.44
621.03,628.5
623.65,628.79
622.8,628.67
622.8,628.67
622.8,628.67
622.49,628.96
623.3,629.41
623.24,629.71
623.12,630.28
622.95,629.95
622.95,629.95
622.95,629.95
622.72,629.65
621.08,629.12
623.72,630.13
625.17,630.43
625.26,631.11
625.26,631.11
625.26,631.11
625.0,631.62
623.91,631.67
626.21,631.79
624.74,632.14
625.33,631.9
625.33,631.9
625.33,631.9
624.0,631.96
626.35,632.36
625.82,632.68
627.52,633.75
627.22,634.51
627.22,634.51
627.22,634.51
629.54,635.08
630.99,636.59
633.38,640.1
634.69,641.69
634.69,641.84
634.69,641.84
634.69,641.84
634.26,642.76
635.73,642.62
635.27,643.13
637.0,643.33
637.34,643.51
637.34,643.51
637.34,643.51
635.08,644.05
637.82,644.96
638.56,644.95
639.34,645.13
638.21,645.47
638.21,645.47
638.21,645.47
636.36,643.1
635.07,641.58
635.72,642.26
635.35,641.11
632.71,640.51
632.71,640.51
632.71,640.51
633.37,640.49
631.76,639.19
632.48,638.71
628.59,633.91
626.56,632.2
626.56,632.2
626.56,632.2
626.56,632.2
626.15,632.93
626.64,633.68
627.61,634.32
628.74,636.04
628.74,636.04
628.74,636.04
631.77,638.64
632.86,641.17
636.78,642.65
636.19,642.86
635.94,641.96
635.94,641.96
635.94,641.96
634.7,641.3
636.01,642.49
634.44,642.19
633.84,640.82
634.09,640.95
634.09,640.95
634.09,640.95
634.11,642.06
638.13,645.49
639.72,646.33
638.05,645.47
637.85,643.82
637.85,643.82
637.85,643.82
638.13,644.09
638.94,644.83
638.75,644.91
639.06,645.25
639.06,645.25
639.06,645.25
639.06,645.25
639.54,645.39
638.47,644.53
639.37,644.92
639.87,644.63
637.19,644.03
637.19,644.03
637.19,644.03
635.0,643.44
634.24,640.55
632.91,637.92
631.51,636.97
628.2,636.33
628.2,636.33
628.2,636.33
629.73,636.12
629.37,635.58
629.68,635.67
631.18,637.95
633.17,640.25
633.17,640.25
633.17,640.25
634.67,643.08
636.95,644.79
639.04,645.07
640.7,645.97
638.97,646.2
638.97,646.2
638.97,646.2
640.05,646.9
641.04,648.48
642.15,648.72
642.33,647.98
640.17,647.95
640.17,647.95
640.17,647.95
640.5,647.85
639.48,647.45
641.03,647.15
640.19,646.93
638.63,644.59
638.63,644.59
638.63,644.59
636.03,642.88
636.35,642.9
637.0,642.77
636.74,642.83
636.98,642.8
636.98,642.8
636.98,642.8
637.13,644.01
636.94,644.74
638.1,644.91
637.8,646.5
641.53,647.34
641.53,647.34
641.53,647.34
640.02,647.31
640.12,647.78
641.85,648.04
642.08,649.08
643.93,651.68
643.93,651.68
643.93,651.68
645.3,653.53
648.97,655.61
649.28,656.06
647.6,654.34
643.37,650.89
643.37,650.89
643.37,650.89
639.9,645.76
637.66,644.17
639.31,645.6
642.28,648.93
644.73,651.22
644.73,651.22
644.73,651.22
644.51,653.21
650.24,655.48
650.94,658.09
652.53,659.53
653.57,661.6
653.57,661.6
653.57,661.6
655.13,663.17
657.28,664.6
660.48,667.1
663.06,668.24
660.02,667.86
660.02,667.86
660.02,667.86
654.27,663.12
654.59,661.93
657.36,662.61
654.24,661.64
650.86,657.96
650.86,657.96
650.86,657.96
650.86,657.96
649.17,656.2
647.68,656.54
647.68,656.54
647.68,656.54
647.68,656.54
647.68,656.54
650.3,656.49
650.1,657.99
653.8,660.69
655.1,664.58
658.99,664.96
658.99,664.96
658.99,664.96
659.49,666.3
661.5,666.8
663.06,668.87
661.53,669.34
663.08,670.36
663.08,670.36
663.08,670.36
662.86,670.1
662.46,669.52
662.74,669.02
664.43,670.91
665.11,672.12
665.11,672.12
665.11,672.12
665.55,672.53
664.44,673.58
669.41,675.05
669.51,677.29
667.59,675.28
667.59,675.28
667.59,675.28
667.18,674.15
669.05,674.88
670.23,675.98
672.8,677.39
672.96,679.41
672.96,679.41
672.96,679.41
672.11,680.57
674.87,681.74
676.06,681.81
676.88,682.74
675.89,685.03
675.89,685.03
675.89,685.03
681.62,689.74
684.9,692.9
684.42,693.76
689.61,694.99
683.54,690.89
683.54,690.89
683.54,690.89
683.01,688.09
682.07,688.18
682.45,690.36
685.29,691.19
682.2,689.76
682.2,689.76
682.2,689.76
681.08,688.13
681.1,688.6
681.88,689.41
684.21,692.62
686.78,694.45
686.78,694.45
686.78,694.45
687.98,696.55
688.13,697.64
691.2,698.44
691.76,697.32
689.88,695.55
689.88,695.55
689.88,695.55
685.75,693.59
686.23,692.96
684.76,692.25
685.26,693.69
686.24,693.95
686.24,693.95
686.24,693.95
686.91,694.44
686.81,694.78
687.97,695.26
687.44,694.19
687.11,692.68
687.11,692.68
687.11,692.68
683.76,690.67
681.9,688.98
681.07,687.28
678.14,684.96
675.25,683.75
675.25,683.75
675.25,683.75
674.39,681.82
672.55,678.48
669.41,676.29
671.14,676.83
669.66,675.61
669.66,675.61
669.66,675.61
669.66,675.61
668.83,675.87
668.06,675.36
668.35,675.03
667.61,675.02
667.61,675.02
667.61,675.02
666.72,674.67
666.72,674.67
667.83,674.63
668.34,673.64
666.46,674.68
666.46,674.68
666.46,674.68
668.21,675.34
668.49,675.96
667.76,676.11
668.17,675.95
664.6,670.4
664.6,670.4
664.6,670.4
664.6,670.4
661.05,667.8
657.77,664.74
651.76,659.97
647.81,655.03
647.81,655.03
647.81,655.03
642.1,650.39
639.12,645.39
632.37,639.94
633.09,639.28
636.59,643.7
636.59,643.7
636.59,643.7
640.49,649.14
646.07,653.86
651.67,661.42
656.21,663.03
658.49,665.14
658.49,665.14
658.49,665.14
655.58,664.23
658.24,663.01
651.43,660.21
646.84,654.64
637.6,647.6
637.6,647.6
637.6,647.6
630.38,640.01
631.97,639.48
630.34,637.13
629.34,636.97
627.34,636.0
627.34,636.0
627.34,636.0
627.34,636.0
628.19,636.97
631.19,637.5
631.55,638.94
634.43,640.39
634.43,640.39
634.43,640.39
637.98,641.96
636.31,641.26
628.19,636.39
624.62,632.72
623.48,631.32
623.48,631.32
623.48,631.32
625.74,631.33
629.11,635.43
633.88,640.25
633.88,642.02
633.47,639.35
633.47,639.35
633.47,639.35
626.41,635.19
625.43,631.85
622.37,628.32
616.64,624.72
612.79,621.03
612.79,621.03
612.79,621.03
614.36,619.93
616.01,623.42
618.89,624.86
622.73,628.28
621.23,629.49
621.23,629.49
621.23,629.49
624.45,630.25
619.08,629.11
620.23,626.81
618.35,625.03
613.74,622.34
613.74,622.34
613.74,622.34
615.01,620.31
614.26,622.82
615.4,625.03
622.89,628.75
619.22,628.18
619.22,628.18
619.22,628.18
614.3,622.41
615.5,620.22
610.96,617.58
608.79,614.81
605.87,615.73
605.87,615.73
605.87,615.73
610.3,617.32
609.93,616.57
609.42,616.2
609.2,615.16
605.9,611.78
605.9,611.78
605.9,611.78
600.85,611.77
603.17,612.0
606.62,611.59
603.52,610.53
599.5,606.96
599.5,606.96
599.5,606.96
596.7,602.92
594.32,602.86
596.5,604.7
600.02,607.17
601.14,609.83
601.14,609.83
601.14,609.83
601.14,609.83
596.96,604.15
594.42,601.02
589.01,595.62
587.2,593.92
587.2,593.92
587.2,593.92
587.84,596.07
595.05,602.16
594.53,601.46
587.57,595.36
583.96,593.66
583.96,593.66
583.96,593.66
581.86,591.87
583.42,591.75
583.5,590.4
579.05,588.34
579.55,587.24
579.55,587.24
579.55,587.24
579.21,587.24
582.23,590.16
590.71,596.08
594.17,601.99
594.17,601.99
594.17,601.99
594.17,601.99
589.73,597.68
590.19,596.96
592.85,598.4
591.01,597.72
588.27,595.46
588.27,595.46
588.27,595.46
583.0,592.79
580.4,587.53
578.49,586.13
576.85,583.42
570.64,578.18
570.64,578.18
570.64,578.18
567.08,574.42
568.1,572.14
565.2,572.05
565.0,570.17
562.88,569.49
562.88,569.49
562.88,569.49
560.34,567.8
559.8,567.47
560.74,566.31
556.75,563.87
552.8,559.31
552.8,559.31
552.8,559.31
549.76,557.4
550.81,558.29
556.19,562.84
564.58,570.6
567.55,576.23
567.55,576.23
567.55,576.23
574.12,581.69
577.12,586.15
580.07,586.26
576.51,583.27
571.59,579.95
571.59,579.95
571.59,579.95
568.02,576.2
564.54,571.7
560.53,568.07
558.05,564.84
556.68,563.74
556.68,563.74
556.68,563.74
555.94,562.13
557.94,563.3
559.63,566.93
560.05,565.99
558.05,565.39
558.05,565.39
558.05,565.39
556.4,564.27
555.1,562.73
553.21,562.15
555.78,561.81
551.97,559.42
551.97,559.42
551.97,559.42
550.68,557.21
547.0,554.33
548.59,554.28
544.79,552.56
545.13,552.12
545.13,552.12
545.13,552.12
543.7,550.11
542.74,550.08
542.78,549.62
542.87,549.36
540.32,547.37
540.32,547.37
540.32,547.37
539.23,546.33
538.68,545.01
540.59,545.83
539.39,546.78
542.43,547.41
542.43,547.41
542.43,547.41
541.05,547.52
539.29,546.42
540.22,546.48
540.39,545.95
537.94,545.4
537.94,545.4
537.94,545.4
539.11,545.1
536.1,543.31
537.03,544.0
537.03,544.0
537.03,544.0
537.03,544.0
537.03,544.0
537.03,544.0
534.44,541.23
534.61,541.45
535.52,540.81
533.47,540.55
533.47,540.55
533.47,540.55
533.06,539.69
532.76,538.53
531.87,537.51
532.45,537.84
530.05,537.3
530.05,537.3
530.05,537.3
529.6,536.64
531.92,537.98
535.29,542.76
540.38,547.27
543.06,550.52
543.06,550.52
543.06,550.52
543.06,550.52
543.32,549.34
543.58,548.68
541.57,548.58
539.81,546.82
539.81,546.82
539.81,546.82
537.2,544.55
535.17,541.78
536.47,541.6
534.85,541.47
534.41,541.28
534.41,541.28
534.41,541.28
533.63,540.93
534.35,539.93
535.04,541.56
536.41,542.01
534.03,542.0
534.03,542.0
534.03,542.0
537.47,543.57
537.22,543.21
537.92,543.12
538.54,545.04
541.41,546.88
541.41,546.88
541.41,546.88
540.56,547.45
540.35,546.7
539.05,546.19
539.74,545.79
537.33,545.84
537.33,545.84
537.33,545.84
536.71,544.28
536.84,543.13
537.21,544.4
540.4,546.19
540.64,547.44
540.64,547.44
540.64,547.44
541.2,548.23
542.11,547.74
540.44,546.65
539.19,545.7
537.98,545.78
537.98,545.78
537.98,545.78
537.61,545.41
539.61,545.62
541.33,546.26
541.89,546.86
541.96,547.24
541.96,547.24
541.96,547.24
541.16,547.77
542.36,549.24
542.9,549.57
543.13,549.48
541.86,549.5
541.86,549.5
541.86,549.5
541.38,549.25
541.17,548.44
542.22,549.43
547.31,553.52
548.2,555.47
548.2,555.47
548.2,555.47
547.39,556.9
547.48,552.4
543.79,549.88
541.9,547.53
537.97,545.11
537.97,545.11
537.97,545.11
535.72,542.13
536.0,542.22
536.23,541.86
536.86,541.94
534.98,542.45
534.98,542.45
534.98,542.45
534.98,542.45
536.05,542.75
538.67,545.65
540.33,548.54
540.94,548.81
540.94,548.81
540.94,548.81
540.52,549.0
542.86,547.1
542.86,547.1
540.92,545.98
538.86,544.82
538.86,544.82
538.86,544.82
538.62,544.74
534.76,542.35
534.77,540.84
533.13,540.01
534.2,540.63
534.2,540.63
534.2,540.63
534.2,540.63
532.47,540.85
532.45,537.41
531.39,538.4
533.8,539.97
533.8,539.97
533.8,539.97
535.62,542.31
536.22,543.63
539.9,544.61
539.55,544.99
538.38,544.49
538.38,544.49
538.38,544.49
537.53,544.01
535.97,541.94
533.9,540.49
532.97,539.75
534.16,539.77
534.16,539.77
534.16,539.77
532.04,541.46
533.59,539.96
533.8,540.28
533.76,540.63
535.5,542.11
535.5,542.11
535.5,542.11
534.81,541.68
532.79,538.52
531.17,535.56
527.76,534.71
527.76,534.71
527.76,534.71
527.76,534.71
528.7,535.34
530.36,536.55
533.27,539.73
536.53,541.85
538.05,543.6
538.05,543.6
538.05,543.6
535.29,540.72
532.11,536.63
530.84,535.62
531.62,538.69
534.47,542.35
534.47,542.35
534.47,542.35
533.49,540.31
530.99,537.49
532.55,538.91
534.28,539.37
534.6,540.57
534.6,540.57
534.6,540.57
533.61,540.06
532.41,538.76
530.09,536.6
528.02,534.52
527.19,534.39
527.19,534.39
527.19,534.39
527.8,535.02
527.88,534.65
531.0,536.28
530.71,536.83
532.03,537.14
532.03,537.14
532.03,537.14
529.19,535.89
527.84,536.35
531.56,535.8
530.7,536.4
530.58,535.84
530.58,535.84
530.58,535.84
530.13,536.88
531.72,536.25
530.49,536.77
532.13,538.07
531.59,539.25
531.59,539.25
531.59,539.25
530.88,537.37
529.45,537.12
530.1,536.38
530.32,536.64
529.38,535.81
529.38,535.81
529.38,535.81
528.58,534.93
528.54,534.61
529.78,535.16
531.02,536.27
531.11,535.82
531.11,535.82
531.11,535.82
529.0,534.97
528.22,534.93
527.78,534.7
529.98,535.02
529.57,533.88
529.57,533.88
529.57,533.88
526.5,534.53
528.37,533.34
528.36,534.1
530.32,537.44
530.32,537.44
530.32,537.44
530.32,537.44
528.22,535.86
525.71,533.23
528.07,532.94
526.83,532.24
526.96,533.11
526.96,533.11
526.96,533.11
526.24,531.63
523.91,531.41
525.0,530.4
522.31,529.03
521.38,528.33
521.38,528.33
521.38,528.33
521.11,527.95
520.83,526.73
521.02,527.01
520.08,525.8
519.74,526.18
519.74,526.18
519.74,526.18
519.74,526.18
519.03,524.85
518.13,524.88
519.21,526.88
519.21,526.88
519.21,526.88
519.21,526.88
519.21,526.88
518.92,525.68
518.01,524.65
516.88,523.83
516.09,524.73
516.09,524.73
516.09,524.73
519.96,525.27
520.35,524.94
518.06,524.97
516.97,523.15
516.07,523.3
516.07,523.3
516.07,523.3
515.6,521.13
512.54,519.39
514.07,520.16
514.51,519.23
513.55,519.36
513.55,519.36
513.55,519.36
511.81,518.32
512.68,517.72
511.15,517.5
511.01,517.07
512.09,516.86
512.09,516.86
512.09,516.86
510.56,517.68
513.02,519.79
514.33,520.78
512.57,520.2
514.32,520.89
514.32,520.89
514.32,520.89
514.1,521.79
514.61,521.74
516.13,520.82
514.52,521.14
515.17,521.38
515.17,521.38
515.17,521.38
514.59,520.68
514.8,520.45
514.85,520.81
513.47,519.51
511.1,518.28
511.1,518.28
511.1,518.28
511.41,517.41
510.73,516.82
511.78,517.73
512.61,517.48
511.27,517.96
511.27,517.96
511.27,517.96
513.24,517.93
512.05,517.14
509.87,516.34
509.84,517.49
509.75,518.15
509.75,518.15
509.75,518.15
509.76,515.95
509.71,515.07
508.65,513.76
507.33,512.99
506.33,512.51
506.33,512.51
506.33,512.51
504.92,511.45
504.1,510.75
503.92,509.98
503.53,509.43
501.37,507.89
501.37,507.89
501.37,507.89
499.72,505.8
500.67,505.74
499.86,505.84
500.92,505.97
499.42,505.68
499.42,505.68
499.42,505.68
500.89,505.36
499.32,505.99
499.39,506.6
499.39,506.6
499.39,506.6
499.39,506.6
499.39,506.6
497.74,505.73
497.7,504.75
499.76,505.99
500.28,506.51
498.51,507.03
498.51,507.03
498.51,507.03
499.47,505.46
499.75,504.42
497.23,504.11
498.23,504.34
497.76,504.3
497.76,504.3
497.76,504.3
497.76,504.3
497.97,503.52
497.92,504.11
499.09,504.07
497.44,503.7
497.44,503.7
497.44,503.7
498.77,502.86
498.48,504.43
499.6,505.01
499.75,504.88
498.75,505.18
498.75,505.18
498.75,505.18
500.86,507.71
503.11,510.49
503.11,510.49
504.8,511.4
503.94,511.51
503.94,511.51
503.94,511.51
504.53,512.28
506.22,512.64
506.91,513.78
508.04,513.95
508.13,514.66
508.13,514.66
508.13,514.66
508.32,514.3
505.91,512.7
505.84,511.92
505.52,511.39
505.39,512.59
505.39,512.59
505.39,512.59
507.6,513.21
510.56,514.73
509.42,516.36
512.37,518.25
514.76,520.3
514.76,520.3
514.76,520.3
515.37,522.78
521.5,525.05
520.35,527.11
522.66,528.55
523.86,532.0
523.86,532.0
523.86,532.0
526.48,534.55
526.48,532.62
525.5,531.96
527.52,532.61
526.98,534.84
526.98,534.84
526.98,534.84
528.36,535.4
522.92,530.09
521.73,527.98
520.47,527.0
517.99,526.12
517.99,526.12
517.99,526.12
518.25,522.25
515.23,521.65
514.75,521.86
518.39,523.65
520.31,526.72
520.31,526.72
520.31,526.72
522.54,527.62
520.56,525.04
519.19,526.85
525.09,528.8
523.42,530.41
523.42,530.41
523.42,530.41
520.8,529.51
523.47,529.43
523.9,529.09
525.46,531.39
528.02,534.95
528.02,534.95
528.02,534.95
527.21,534.29
526.12,529.11
521.82,527.52
519.45,525.93
518.62,527.06
518.62,527.06
518.62,527.06
520.87,526.06
519.65,525.84
520.23,525.82
522.54,527.79
525.53,531.35
525.53,531.35
525.53,531.35
525.6,531.05
523.4,529.68
522.41,527.85
522.41,527.85
523.18,527.73
523.18,527.73
523.18,527.73
522.02,527.18
521.33,527.61
519.64,525.72
520.64,526.18
520.64,526.18
520.64,526.18
520.64,526.18
519.9,526.38
518.21,526.14
523.55,529.11
526.22,531.96
525.72,531.94
525.72,531.94
525.72,531.94
523.71,529.87
519.76,525.94
516.62,523.09
516.62,523.09
515.6,521.48
515.6,521.48
515.6,521.48
515.08,521.47
516.97,523.65
520.41,524.97
520.91,524.72
521.56,527.09
521.56,527.09
521.56,527.09
521.06,526.38
517.76,522.79
515.95,521.9
515.75,521.72
516.58,521.66
516.58,521.66
516.58,521.66
512.77,521.47
515.48,521.14
515.73,522.46
519.29,524.77
518.6,524.64
518.6,524.64
518.6,524.64
516.38,521.71
514.63,521.64
514.88,519.7
514.75,520.5
514.79,522.64
514.79,522.64
514.79,522.64
514.21,519.79
514.96,520.29
515.21,521.68
515.66,522.13
515.85,521.31
515.85,521.31
515.85,521.31
516.5,521.75
514.54,521.28
516.64,521.12
516.65,521.44
516.86,522.87
516.86,522.87
516.86,522.87
515.05,521.69
512.68,520.71
516.23,520.58
515.56,521.89
517.71,522.37
517.71,522.37
517.71,522.37
515.16,521.5
513.26,519.38
513.71,519.17
514.27,518.8
512.34,517.94
512.34,517.94
512.34,517.94
511.11,517.75
511.2,518.06
511.58,517.31
510.85,517.0
511.15,517.26
511.15,517.26
511.15,517.26
513.2,517.44
512.44,518.8
512.18,518.21
513.13,517.0
510.08,517.48
510.08,517.48
510.08,517.48
510.23,516.56
509.29,515.51
509.26,515.61
510.14,515.48
508.27,516.36
508.27,516.36
508.27,516.36
509.62,515.05
508.74,514.36
508.42,513.47
509.07,514.56
508.67,516.4
508.67,516.4
508.67,516.4
507.32,514.76
507.76,513.45
505.84,512.27
506.21,511.85
505.41,511.52
505.41,511.52
505.41,511.52
505.57,511.03
505.25,510.38
506.29,511.54
507.96,513.54
507.9,513.78
507.9,513.78
507.9,513.78
507.64,512.33
507.65,513.42
506.55,513.17
504.56,511.86
504.56,511.54
504.56,511.54
504.56,511.54
504.05,510.71
503.9,508.35
504.1,508.64
500.66,507.09
501.77,507.78
501.77,507.78
501.77,507.78
498.71,506.59
500.65,506.75
501.02,506.69
501.82,507.66
500.27,507.33
500.27,507.33
500.27,507.33
500.21,505.79
499.84,506.35
501.48,507.5
504.2,510.32
504.67,509.95
504.67,509.95
504.67,509.95
503.72,509.57
503.63,510.05
503.63,510.05
504.65,511.9
506.0,512.75
506.0,512.75
506.0,512.75
506.66,512.73
506.66,512.73
506.66,512.73
506.98,513.23
505.06,511.93
505.06,511.93
505.06,511.93
505.59,510.95
504.39,509.63
503.03,508.45
502.21,507.37
500.91,507.18
500.91,507.18
500.91,507.18
499.42,506.96
498.85,505.0
498.21,504.27
498.66,505.52
499.3,506.23
499.3,506.23
499.3,506.23
499.82,506.58
501.55,506.87
501.52,507.25
502.36,507.52
503.83,509.42
503.83,509.42
503.83,509.42
504.21,510.37
504.33,509.26
501.39,509.28
506.41,510.66
502.98,511.38
502.98,511.38
502.98,511.38
504.34,510.99
505.82,511.14
506.63,511.48
506.35,511.34
505.73,511.67
505.73,511.67
505.73,511.67
502.98,510.76
503.99,510.14
503.96,509.92
503.07,508.98
503.51,509.5
503.51,509.5
503.51,509.5
502.74,508.18
503.24,508.54
502.02,507.83
503.26,508.61
503.9,508.9
503.9,508.9
503.9,508.9
502.66,508.42
503.06,509.18
504.39,509.28
502.97,508.72
500.38,508.15
500.38,508.15
500.38,508.15
499.26,506.27
501.16,507.54
502.56,508.52
501.64,507.42
499.65,508.44
499.65,508.44
499.65,508.44
499.06,506.04
496.4,503.71
496.52,502.55
496.32,502.07
495.64,501.96
495.64,501.96
495.64,501.96
495.85,501.6
495.26,501.68
496.76,501.74
496.93,503.04
497.49,502.76
497.49,502.76
497.49,502.76
495.47,501.79
496.38,501.15
496.66,501.88
497.33,502.95
497.07,504.21
497.07,504.21
497.07,504.21
496.27,504.07
499.01,505.82
501.38,506.3
503.42,508.27
503.88,510.91
503.88,510.91
503.88,510.91
506.81,511.19
505.26,512.14
505.27,512.07
503.43,510.17
503.43,510.17
503.43,510.17
503.43,510.17
502.36,508.21
499.18,506.74
498.68,506.48
498.68,506.48
498.68,506.48
498.68,506.48
498.68,506.48
500.3,505.22
500.11,505.68
500.84,507.34
503.9,508.52
502.5,508.96
502.5,508.96
502.5,508.96
502.6,508.4
502.24,508.0
502.68,508.67
502.68,508.67
501.95,509.57
501.95,509.57
501.95,509.57
502.99,508.82
505.16,510.43
505.65,510.86
506.0,510.6
501.96,510.76
501.96,510.76
501.96,510.76
503.5,509.64
502.75,508.35
502.1,507.48
499.93,506.43
499.87,506.41
499.87,506.41
499.87,506.41
499.63,505.96
502.58,507.18
504.3,509.05
506.81,510.58
504.94,511.06
504.94,511.06
504.94,511.06
504.02,510.92
506.74,511.07
505.51,511.22
504.25,509.9
502.81,509.94
502.81,509.94
502.81,509.94
502.91,509.33
505.69,510.67
504.44,512.02
507.2,511.84
505.57,510.68
505.57,510.68
505.57,510.68
503.01,509.32
501.4,508.46
500.61,505.81
499.85,505.64
499.22,505.28
499.22,505.28
499.22,505.28
499.75,505.4
500.36,506.27
502.88,507.95
503.34,509.2
504.76,510.37
504.76,510.37
504.76,510.37
504.47,510.35
503.34,508.2
503.57,507.19
502.01,507.73
502.0,508.28
502.0,508.28
502.0,508.28
502.25,508.85
502.42,507.92
502.65,507.6
501.94,507.31
501.13,508.24
501.13,508.24
501.13,508.24
501.88,506.68
500.2,505.82
500.42,506.64
501.73,508.03
501.77,507.22
501.77,507.22
501.77,507.22
499.43,505.78
500.26,505.22
500.23,506.27
500.87,506.17
499.51,506.08
499.51,506.08
499.51,506.08
500.17,506.11
502.95,506.4
501.78,507.83
505.06,507.78
505.06,507.78
505.06,507.78
505.06,507.78
502.11,508.75
503.26,508.81
502.69,508.35
502.67,508.57
502.36,509.73
502.36,509.73
502.36,509.73
501.52,509.03
501.86,508.86
505.3,509.54
504.06,509.47
502.37,508.87
502.37,508.87
502.37,508.87
499.8,508.07
502.71,507.49
501.85,507.08
499.98,506.21
499.98,506.21
499.98,506.21
499.98,506.21
500.69,505.9
500.74,506.88
502.14,506.47
500.05,505.01
499.14,505.72
499.14,505.72
499.14,505.72
500.49,506.84
503.72,507.88
503.13,508.18
502.78,508.23
502.99,509.25
502.99,509.25
502.99,509.25
501.66,509.04
505.44,510.27
505.64,510.01
505.54,509.85
503.19,509.6
503.19,509.6
503.19,509.6
502.46,508.7
499.83,507.03
502.15,507.47
501.17,506.6
500.32,506.98
500.32,506.98
500.32,506.98
500.32,506.98
500.05,506.53
500.99,506.26
500.15,506.21
500.51,506.52
500.51,506.52
500.51,506.52
500.43,506.39
502.0,506.42
502.62,507.52
502.76,506.38
499.99,506.33
499.99,506.33
499.99,506.33
498.65,506.0
500.27,506.87
501.2,506.56
501.02,507.65
500.57,507.98
500.57,507.98
500.57,507.98
502.57,508.22
501.8,508.46
501.05,506.84
499.97,506.35
501.78,506.99
501.78,506.99
501.78,506.99
501.29,507.31
501.41,505.55
499.31,504.9
498.56,504.84
499.3,504.94
499.3,504.94
499.3,504.94
499.97,505.3
500.63,505.94
499.84,506.5
500.01,504.96
498.96,504.06
498.96,504.06
498.96,504.06
498.5,503.85
498.89,504.58
499.46,505.03
498.19,504.44
498.37,504.73
498.37,504.73
498.37,504.73
498.44,504.69
501.34,505.44
501.81,505.87
501.13,506.38
500.11,505.46
500.11,505.46
500.11,505.46
499.33,504.88
499.46,505.39
499.01,503.92
497.62,502.57
496.11,501.38
496.11,501.38
496.11,501.38
495.68,501.83
495.92,501.83
496.64,502.16
495.84,502.34
496.39,501.6
496.39,501.6
496.39,501.6
496.07,499.82
492.55,498.4
493.11,497.9
490.19,496.59
488.55,496.39
488.55,496.39
488.55,496.39
488.55,496.39
489.96,494.36
487.73,492.91
486.23,490.78
485.15,491.54
485.15,491.54
485.15,491.54
485.23,492.57
489.52,495.26
495.29,501.76
496.49,502.14
494.34,500.49
494.34,500.49
494.34,500.49
492.63,498.48
491.47,498.03
493.35,498.51
494.31,497.59
492.46,498.05
492.46,498.05
492.46,498.05
490.8,498.19
494.02,499.78
495.21,501.93
495.21,501.93
495.13,500.27
495.13,500.27
495.13,500.27
495.43,501.08
495.78,501.42
495.78,501.42
495.78,501.42
496.08,502.64
496.08,502.64
496.08,502.64
495.4,500.4
495.22,500.57
495.01,500.15
494.4,500.23
495.1,501.15
495.1,501.15
495.1,501.15
493.74,499.84
492.3,496.82
488.19,495.38
485.91,491.51
484.38,490.28
484.38,490.28
484.38,490.28
484.41,490.87
487.01,492.44
488.57,494.27
492.59,497.49
496.46,500.22
496.46,500.22
496.46,500.22
494.45,500.8
493.54,496.41
489.72,496.55
491.7,497.46
492.32,499.37
492.32,499.37
492.32,499.37
491.23,498.16
491.92,497.72
493.86,498.93
491.24,496.18
488.9,496.44
488.9,496.44
488.9,496.44
488.23,494.9
486.37,492.84
484.66,490.28
482.29,487.69
478.72,485.72
478.72,485.72
478.72,485.72
476.82,484.84
479.14,484.62
478.02,482.99
474.09,480.35
471.99,476.41
471.99,476.41
471.99,476.41
471.38,476.97
471.91,476.58
470.83,475.68
469.44,474.25
466.92,474.25
466.92,474.25
466.92,474.25
466.46,473.91
468.28,474.88
472.42,477.48
475.26,479.79
473.35,478.7
473.35,478.7
473.35,478.7
467.59,476.82
468.97,474.54
468.71,474.05
467.6,473.47
466.6,472.88
466.6,472.88
466.6,472.88
465.78,471.61
463.61,470.58
465.83,469.94
464.54,469.69
463.24,469.49
463.24,469.49
463.24,469.49
463.5,468.29
463.09,466.89
460.59,466.66
461.96,466.89
461.92,467.22
461.92,467.22
461.92,467.22
462.08,467.85
462.32,467.52
461.9,468.77
461.9,468.77
461.9,468.77
461.9,468.77
461.9,468.77
461.13,466.67
462.83,467.55
462.74,467.1
460.35,465.34
458.94,465.15
458.94,465.15
458.94,465.15
456.86,463.9
455.84,462.06
455.54,460.32
452.52,459.59
452.59,458.64
452.59,458.64
452.59,458.64
451.72,458.01
452.95,457.14
452.99,457.6
453.59,456.55
451.57,457.22
451.57,457.22
451.57,457.22
451.85,457.93
452.37,457.23
452.25,456.95
451.37,457.78
451.37,457.78
451.37,457.78
451.37,457.78
452.07,457.85
453.52,458.97
456.63,460.89
455.24,460.51
455.24,460.51
455.24,460.51
455.24,460.51
453.23,459.53
452.75,457.64
451.48,457.33
451.24,455.93
449.17,455.61
449.17,455.61
449.17,455.61
449.52,455.24
449.66,454.22
449.53,455.1
451.95,454.82
449.07,455.75
449.07,455.75
449.07,455.75
448.92,455.14
450.95,454.32
449.56,455.52
451.23,456.16
452.56,460.18
452.56,460.18
452.56,460.18
454.82,461.17
456.9,462.56
459.14,463.66
458.41,463.58
457.02,462.86
457.02,462.86
457.02,462.86
455.55,460.7
453.41,458.71
451.82,456.62
451.14,457.2
452.4,458.68
452.4,458.68
452.4,458.68
451.13,457.24
450.02,455.9
450.55,455.2
450.06,455.14
450.33,456.01
450.33,456.01
450.33,456.01
452.1,456.5
451.2,455.73
451.66,454.64
450.59,455.33
450.46,456.01
450.46,456.01
450.46,456.01
451.89,457.17
451.41,456.94
451.72,455.42
450.98,456.09
450.38,456.42
450.38,456.42
450.38,456.42
449.49,455.77
449.85,454.15
450.34,453.77
448.82,455.1
448.53,455.4
448.53,455.4
448.53,455.4
448.93,454.44
447.49,453.07
447.87,452.78
446.12,452.18
446.56,452.51
446.56,452.51
446.56,452.51
446.12,452.43
447.42,453.43
451.03,454.48
449.17,455.13
449.99,455.48
449.99,455.48
449.99,455.48
449.82,454.34
449.94,454.55
449.4,454.75
448.31,454.44
448.22,453.59
448.22,453.59
448.22,453.59
448.18,454.18
449.8,455.01
450.33,454.86
448.54,454.06
447.88,453.68
447.88,453.68
447.88,453.68
447.79,452.77
445.92,451.57
446.85,452.18
446.12,451.89
444.65,451.28
444.65,451.28
444.65,451.28
444.65,450.4
447.15,451.81
447.75,453.33
449.29,454.34
447.24,452.02
447.24,452.02
447.24,452.02
448.7,453.89
450.21,453.5
448.38,452.88
446.65,451.72
446.47,452.93
446.47,452.93
446.47,452.93
446.47,452.93
445.58,451.72
447.49,451.7
448.67,453.79
448.27,453.69
448.27,453.69
448.27,453.69
446.5,453.38
447.83,452.56
446.61,451.08
444.22,450.06
444.07,449.94
444.07,449.94
444.07,449.94
444.46,449.49
444.46,449.49
