,volumen_monex
2015-01-30,33982000.0
2015-01-31,
2015-02-01,
2015-02-02,15356000.0
2015-02-03,9301000.0
2015-02-04,28019000.0
2015-02-05,19797000.0
2015-02-06,6761000.0
2015-02-07,
2015-02-08,
2015-02-09,12576000.0
2015-02-10,7480000.0
2015-02-11,3955000.0
2015-02-12,18081000.0
2015-02-13,11989000.0
2015-02-14,
2015-02-15,
2015-02-16,6239000.0
2015-02-17,6897000.0
2015-02-18,10404000.0
2015-02-19,6321000.0
2015-02-20,17940000.0
2015-02-21,
2015-02-22,
2015-02-23,14680000.0
2015-02-24,12904000.0
2015-02-25,17493000.0
2015-02-26,20792000.0
2015-02-27,42387000.0
2015-02-28,
2015-03-01,
2015-03-02,6917000.0
2015-03-03,11006000.0
2015-03-04,16194000.0
2015-03-05,18167000.0
2015-03-06,14516000.0
2015-03-07,
2015-03-08,
2015-03-09,13901000.0
2015-03-10,18806000.0
2015-03-11,24611000.0
2015-03-12,37071000.0
2015-03-13,43101000.0
2015-03-14,
2015-03-15,
2015-03-16,26277000.0
2015-03-17,21465000.0
2015-03-18,14083000.0
2015-03-19,24032000.0
2015-03-20,15993000.0
2015-03-21,
2015-03-22,
2015-03-23,17933000.0
2015-03-24,12793000.0
2015-03-25,17097000.0
2015-03-26,19894000.0
2015-03-27,26751000.0
2015-03-28,
2015-03-29,
2015-03-30,13023000.0
2015-03-31,17280000.0
2015-04-01,19863000.0
2015-04-02,0.0
2015-04-03,0.0
2015-04-04,
2015-04-05,
2015-04-06,23101000.0
2015-04-07,15851000.0
2015-04-08,17965000.0
2015-04-09,14479000.0
2015-04-10,15945000.0
2015-04-11,
2015-04-12,
2015-04-13,18878000.0
2015-04-14,19268000.0
2015-04-15,38911000.0
2015-04-16,20494000.0
2015-04-17,25997000.0
2015-04-18,
2015-04-19,
2015-04-20,20820000.0
2015-04-21,16310000.0
2015-04-22,15447000.0
2015-04-23,21355000.0
2015-04-24,21247000.0
2015-04-25,
2015-04-26,
2015-04-27,24359000.0
2015-04-28,12869000.0
2015-04-29,20775000.0
2015-04-30,21009000.0
2015-05-01,0.0
2015-05-02,
2015-05-03,
2015-05-04,9740000.0
2015-05-05,14570000.0
2015-05-06,13270000.0
2015-05-07,16229000.0
2015-05-08,21381000.0
2015-05-09,
2015-05-10,
2015-05-11,15251000.0
2015-05-12,12268000.0
2015-05-13,16305000.0
2015-05-14,25186000.0
2015-05-15,33602000.0
2015-05-16,
2015-05-17,
2015-05-18,13903000.0
2015-05-19,8317000.0
2015-05-20,9438000.0
2015-05-21,14065000.0
2015-05-22,13289000.0
2015-05-23,
2015-05-24,
2015-05-25,8819000.0
2015-05-26,13577000.0
2015-05-27,10915000.0
2015-05-28,8204000.0
2015-05-29,19577000.0
2015-05-30,
2015-05-31,
2015-06-01,7530000.0
2015-06-02,7400000.0
2015-06-03,13743000.0
2015-06-04,6268000.0
2015-06-05,11667000.0
2015-06-06,
2015-06-07,
2015-06-08,9093000.0
2015-06-09,16949000.0
2015-06-10,20478000.0
2015-06-11,20465000.0
2015-06-12,12897000.0
2015-06-13,
2015-06-14,
2015-06-15,20690000.0
2015-06-16,19081000.0
2015-06-17,18957000.0
2015-06-18,23578000.0
2015-06-19,8731000.0
2015-06-20,
2015-06-21,
2015-06-22,12038000.0
2015-06-23,11770000.0
2015-06-24,10841000.0
2015-06-25,6258000.0
2015-06-26,11906000.0
2015-06-27,
2015-06-28,
2015-06-29,13947000.0
2015-06-30,14239000.0
2015-07-01,10834000.0
2015-07-02,14038000.0
2015-07-03,13591000.0
2015-07-04,
2015-07-05,
2015-07-06,7312000.0
2015-07-07,15660000.0
2015-07-08,16682000.0
2015-07-09,15832000.0
2015-07-10,15466000.0
2015-07-11,
2015-07-12,
2015-07-13,15448000.0
2015-07-14,18512000.0
2015-07-15,21381000.0
2015-07-16,19162000.0
2015-07-17,16950000.0
2015-07-18,
2015-07-19,
2015-07-20,16553000.0
2015-07-21,10110000.0
2015-07-22,7854000.0
2015-07-23,10349000.0
2015-07-24,13629000.0
2015-07-25,
2015-07-26,
2015-07-27,22136000.0
2015-07-28,16878000.0
2015-07-29,10094000.0
2015-07-30,17151000.0
2015-07-31,19120000.0
2015-08-01,
2015-08-02,
2015-08-03,8163000.0
2015-08-04,4924000.0
2015-08-05,7502000.0
2015-08-06,5632000.0
2015-08-07,13449000.0
2015-08-08,
2015-08-09,
2015-08-10,12342000.0
2015-08-11,11625000.0
2015-08-12,10817000.0
2015-08-13,30077000.0
2015-08-14,21387000.0
2015-08-15,
2015-08-16,
2015-08-17,13932000.0
2015-08-18,6472000.0
2015-08-19,11327000.0
2015-08-20,9899000.0
2015-08-21,12167000.0
2015-08-22,
2015-08-23,
2015-08-24,9770000.0
2015-08-25,6602000.0
2015-08-26,14880000.0
2015-08-27,12906000.0
2015-08-28,22533000.0
2015-08-29,
2015-08-30,
2015-08-31,9690000.0
2015-09-01,3543000.0
2015-09-02,5948000.0
2015-09-03,8312000.0
2015-09-04,8452000.0
2015-09-05,
2015-09-06,
2015-09-07,7368000.0
2015-09-08,10209000.0
2015-09-09,10336000.0
2015-09-10,25896000.0
2015-09-11,24064000.0
2015-09-12,
2015-09-13,
2015-09-14,16979000.0
2015-09-15,0.0
2015-09-16,17674000.0
2015-09-17,15035000.0
2015-09-18,13230000.0
2015-09-19,
2015-09-20,
2015-09-21,7306000.0
2015-09-22,17653000.0
2015-09-23,11777000.0
2015-09-24,5533000.0
2015-09-25,11447000.0
2015-09-26,
2015-09-27,
2015-09-28,10026000.0
2015-09-29,13497000.0
2015-09-30,15774000.0
2015-10-01,5020000.0
2015-10-02,7527000.0
2015-10-03,
2015-10-04,
2015-10-05,11127000.0
2015-10-06,6524000.0
2015-10-07,11558000.0
2015-10-08,21832000.0
2015-10-09,10448000.0
2015-10-10,
2015-10-11,
2015-10-12,0.0
2015-10-13,14099000.0
2015-10-14,14623000.0
2015-10-15,18997000.0
2015-10-16,17481000.0
2015-10-17,
2015-10-18,
2015-10-19,12732000.0
2015-10-20,15070000.0
2015-10-21,8876000.0
2015-10-22,14055000.0
2015-10-23,10463000.0
2015-10-24,
2015-10-25,
2015-10-26,17396000.0
2015-10-27,12822000.0
2015-10-28,10647000.0
2015-10-29,11621000.0
2015-10-30,9432000.0
2015-10-31,
2015-11-01,
2015-11-02,8327000.0
2015-11-03,7895000.0
2015-11-04,9748000.0
2015-11-05,14028000.0
2015-11-06,12113000.0
2015-11-07,
2015-11-08,
2015-11-09,12816000.0
2015-11-10,12895000.0
2015-11-11,13104000.0
2015-11-12,28010000.0
2015-11-13,21838000.0
2015-11-14,
2015-11-15,
2015-11-16,14503000.0
2015-11-17,12472000.0
2015-11-18,11149000.0
2015-11-19,8836000.0
2015-11-20,18910000.0
2015-11-21,
2015-11-22,
2015-11-23,14992000.0
2015-11-24,14065000.0
2015-11-25,18512000.0
2015-11-26,16879000.0
2015-11-27,22818000.0
2015-11-28,
2015-11-29,
2015-11-30,14085000.0
2015-12-01,19640000.0
2015-12-02,24162000.0
2015-12-03,26510000.0
2015-12-04,15606000.0
2015-12-05,
2015-12-06,
2015-12-07,13601000.0
2015-12-08,10262000.0
2015-12-09,11096000.0
2015-12-10,18166000.0
2015-12-11,19322000.0
2015-12-12,
2015-12-13,
2015-12-14,28804000.0
2015-12-15,28221000.0
2015-12-16,19625000.0
2015-12-17,11118000.0
2015-12-18,29466000.0
2015-12-19,
2015-12-20,
2015-12-21,29140000.0
2015-12-22,29824000.0
2015-12-23,39694000.0
2015-12-24,15534000.0
2015-12-25,0.0
2015-12-26,
2015-12-27,
2015-12-28,16607000.0
2015-12-29,6907000.0
2015-12-30,15816000.0
2015-12-31,0.0
2016-01-01,0.0
2016-01-02,
2016-01-03,
2016-01-04,3566000.0
2016-01-05,3165000.0
2016-01-06,2837000.0
2016-01-07,10549000.0
2016-01-08,6440000.0
2016-01-09,
2016-01-10,
2016-01-11,12751000.0
2016-01-12,7632000.0
2016-01-13,11311000.0
2016-01-14,19478000.0
2016-01-15,19506000.0
2016-01-16,
2016-01-17,
2016-01-18,11861000.0
2016-01-19,10244000.0
2016-01-20,6742000.0
2016-01-21,6655000.0
2016-01-22,11817000.0
2016-01-23,
2016-01-24,
2016-01-25,9348000.0
2016-01-26,29669000.0
2016-01-27,22380000.0
2016-01-28,14129000.0
2016-01-29,19947000.0
2016-01-30,
2016-01-31,
2016-02-01,6849000.0
2016-02-02,6906000.0
2016-02-03,8368000.0
2016-02-04,13871000.0
2016-02-05,14483000.0
2016-02-06,
2016-02-07,
2016-02-08,10926000.0
2016-02-09,9714000.0
2016-02-10,7640000.0
2016-02-11,22905000.0
2016-02-12,13595000.0
2016-02-13,
2016-02-14,
2016-02-15,8086000.0
2016-02-16,12930000.0
2016-02-17,14278000.0
2016-02-18,19665000.0
2016-02-19,7839000.0
2016-02-20,
2016-02-21,
2016-02-22,4580000.0
2016-02-23,21694000.0
2016-02-24,16460000.0
2016-02-25,19975000.0
2016-02-26,20793000.0
2016-02-27,
2016-02-28,
2016-02-29,17470000.0
2016-03-01,8268000.0
2016-03-02,11014000.0
2016-03-03,20320000.0
2016-03-04,13614000.0
2016-03-05,
2016-03-06,
2016-03-07,13998000.0
2016-03-08,10573000.0
2016-03-09,12074000.0
2016-03-10,20546000.0
2016-03-11,18080000.0
2016-03-12,
2016-03-13,
2016-03-14,19952000.0
2016-03-15,15489000.0
2016-03-16,16772000.0
2016-03-17,15429000.0
2016-03-18,27103000.0
2016-03-19,
2016-03-20,
2016-03-21,24584000.0
2016-03-22,14872000.0
2016-03-23,20550000.0
2016-03-24,0.0
2016-03-25,0.0
2016-03-26,
2016-03-27,
2016-03-28,14687000.0
2016-03-29,16707000.0
2016-03-30,17670000.0
2016-03-31,17606000.0
2016-04-01,13074000.0
2016-04-02,
2016-04-03,
2016-04-04,10002000.0
2016-04-05,23203000.0
2016-04-06,19783000.0
2016-04-07,13239000.0
2016-04-08,19124000.0
2016-04-09,
2016-04-10,
2016-04-11,0.0
2016-04-12,28231000.0
2016-04-13,27716000.0
2016-04-14,40246000.0
2016-04-15,25694000.0
2016-04-16,
2016-04-17,
2016-04-18,13049000.0
2016-04-19,17861000.0
2016-04-20,14024000.0
2016-04-21,7521000.0
2016-04-22,9258000.0
2016-04-23,
2016-04-24,
2016-04-25,8154000.0
2016-04-26,3532000.0
2016-04-27,3938000.0
2016-04-28,12056000.0
2016-04-29,15213000.0
2016-04-30,
2016-05-01,
2016-05-02,6824000.0
2016-05-03,7474000.0
2016-05-04,11501000.0
2016-05-05,10047000.0
2016-05-06,10474000.0
2016-05-07,
2016-05-08,
2016-05-09,9218000.0
2016-05-10,16633000.0
2016-05-11,15932000.0
2016-05-12,14389000.0
2016-05-13,11301000.0
2016-05-14,
2016-05-15,
2016-05-16,3847000.0
2016-05-17,9920000.0
2016-05-18,10743000.0
2016-05-19,11046000.0
2016-05-20,13723000.0
2016-05-21,
2016-05-22,
2016-05-23,6659000.0
2016-05-24,21484000.0
2016-05-25,8065000.0
2016-05-26,18015000.0
2016-05-27,9695000.0
2016-05-28,
2016-05-29,
2016-05-30,8852000.0
2016-05-31,11880000.0
2016-06-01,12981000.0
2016-06-02,13438000.0
2016-06-03,12505000.0
2016-06-04,
2016-06-05,
2016-06-06,12058000.0
2016-06-07,13825000.0
2016-06-08,6932000.0
2016-06-09,8029000.0
2016-06-10,9289000.0
2016-06-11,
2016-06-12,
2016-06-13,9068000.0
2016-06-14,13692000.0
2016-06-15,13274000.0
2016-06-16,15767000.0
2016-06-17,10502000.0
2016-06-18,
2016-06-19,
2016-06-20,26034000.0
2016-06-21,9830000.0
2016-06-22,11848000.0
2016-06-23,10914000.0
2016-06-24,14424000.0
2016-06-25,
2016-06-26,
2016-06-27,11628000.0
2016-06-28,21841000.0
2016-06-29,12190000.0
2016-06-30,12197000.0
2016-07-01,12736000.0
2016-07-02,
2016-07-03,
2016-07-04,6074000.0
2016-07-05,17466000.0
2016-07-06,9843000.0
2016-07-07,7274000.0
2016-07-08,8086000.0
2016-07-09,
2016-07-10,
2016-07-11,5442000.0
2016-07-12,7943000.0
2016-07-13,9389000.0
2016-07-14,21570000.0
2016-07-15,17001000.0
2016-07-16,
2016-07-17,
2016-07-18,4865000.0
2016-07-19,7765000.0
2016-07-20,5360000.0
2016-07-21,8191000.0
2016-07-22,7966000.0
2016-07-23,
2016-07-24,
2016-07-25,0.0
2016-07-26,24911000.0
2016-07-27,16310000.0
2016-07-28,19353000.0
2016-07-29,20558000.0
2016-07-30,
2016-07-31,
2016-08-01,8018000.0
2016-08-02,0.0
2016-08-03,15827000.0
2016-08-04,14644000.0
2016-08-05,10664000.0
2016-08-06,
2016-08-07,
2016-08-08,6102000.0
2016-08-09,10303000.0
2016-08-10,9960000.0
2016-08-11,14122000.0
2016-08-12,16847000.0
2016-08-13,
2016-08-14,
2016-08-15,0.0
2016-08-16,11466000.0
2016-08-17,6684000.0
2016-08-18,11425000.0
2016-08-19,5869000.0
2016-08-20,
2016-08-21,
2016-08-22,14431000.0
2016-08-23,8627000.0
2016-08-24,5226000.0
2016-08-25,28234000.0
2016-08-26,17612000.0
2016-08-27,
2016-08-28,
2016-08-29,10459000.0
2016-08-30,20425000.0
2016-08-31,12742000.0
2016-09-01,12733000.0
2016-09-02,7249000.0
2016-09-03,
2016-09-04,
2016-09-05,15943000.0
2016-09-06,14359000.0
2016-09-07,20103000.0
2016-09-08,17857000.0
2016-09-09,9868000.0
2016-09-10,
2016-09-11,
2016-09-12,10130000.0
2016-09-13,14708000.0
2016-09-14,13445000.0
2016-09-15,0.0
2016-09-16,11778000.0
2016-09-17,
2016-09-18,
2016-09-19,9925000.0
2016-09-20,9859000.0
2016-09-21,7663000.0
2016-09-22,24611000.0
2016-09-23,5295000.0
2016-09-24,
2016-09-25,
2016-09-26,9332000.0
2016-09-27,15533000.0
2016-09-28,30035000.0
2016-09-29,26468000.0
2016-09-30,10493000.0
2016-10-01,
2016-10-02,
2016-10-03,4837000.0
2016-10-04,10826000.0
2016-10-05,17440000.0
2016-10-06,10215000.0
2016-10-07,7389000.0
2016-10-08,
2016-10-09,
2016-10-10,6633000.0
2016-10-11,8926000.0
2016-10-12,14230000.0
2016-10-13,12047000.0
2016-10-14,14000000.0
2016-10-15,
2016-10-16,
2016-10-17,0.0
2016-10-18,4458000.0
2016-10-19,4813000.0
2016-10-20,5834000.0
2016-10-21,4355000.0
2016-10-22,
2016-10-23,
2016-10-24,10368000.0
2016-10-25,12443000.0
2016-10-26,13437000.0
2016-10-27,8366000.0
2016-10-28,16122000.0
2016-10-29,
2016-10-30,
2016-10-31,12173000.0
2016-11-01,6554000.0
2016-11-02,14755000.0
2016-11-03,7836000.0
2016-11-04,8293000.0
2016-11-05,
2016-11-06,
2016-11-07,10445000.0
2016-11-08,7805000.0
2016-11-09,6757000.0
2016-11-10,15188000.0
2016-11-11,7164000.0
2016-11-12,
2016-11-13,
2016-11-14,5042000.0
2016-11-15,17354000.0
2016-11-16,11335000.0
2016-11-17,19725000.0
2016-11-18,28108000.0
2016-11-19,
2016-11-20,
2016-11-21,3649000.0
2016-11-22,6212000.0
2016-11-23,21674000.0
2016-11-24,10591000.0
2016-11-25,12702000.0
2016-11-26,
2016-11-27,
2016-11-28,9790000.0
2016-11-29,11844000.0
2016-11-30,19440000.0
2016-12-01,8679000.0
2016-12-02,13035000.0
2016-12-03,
2016-12-04,
2016-12-05,27370000.0
2016-12-06,17561000.0
2016-12-07,11646000.0
2016-12-08,12799000.0
2016-12-09,24582000.0
2016-12-10,
2016-12-11,
2016-12-12,17562000.0
2016-12-13,13878000.0
2016-12-14,9595000.0
2016-12-15,12007000.0
2016-12-16,12857000.0
2016-12-17,
2016-12-18,
2016-12-19,17669000.0
2016-12-20,39528000.0
2016-12-21,31788000.0
2016-12-22,19948000.0
2016-12-23,20400000.0
2016-12-24,
2016-12-25,
2016-12-26,13500000.0
2016-12-27,54911000.0
2016-12-28,30842000.0
2016-12-29,11024000.0
2016-12-30,0.0
2016-12-31,
2017-01-01,
2017-01-02,8373000.0
2017-01-03,2978000.0
2017-01-04,18551000.0
2017-01-05,18985000.0
2017-01-06,6169000.0
2017-01-07,
2017-01-08,
2017-01-09,11829000.0
2017-01-10,9383000.0
2017-01-11,18717000.0
2017-01-12,25324000.0
2017-01-13,7571000.0
2017-01-14,
2017-01-15,
2017-01-16,16008000.0
2017-01-17,11927000.0
2017-01-18,15830000.0
2017-01-19,14854000.0
2017-01-20,14187000.0
2017-01-21,
2017-01-22,
2017-01-23,18118000.0
2017-01-24,20545000.0
2017-01-25,5714000.0
2017-01-26,11320000.0
2017-01-27,27100000.0
2017-01-28,
2017-01-29,
2017-01-30,11763000.0
2017-01-31,11889000.0
2017-02-01,4890000.0
2017-02-02,5276000.0
2017-02-03,12340000.0
2017-02-04,
2017-02-05,
2017-02-06,6168000.0
2017-02-07,15882000.0
2017-02-08,24348000.0
2017-02-09,12767000.0
2017-02-10,22939000.0
2017-02-11,
2017-02-12,
2017-02-13,14121000.0
2017-02-14,7666000.0
2017-02-15,23035000.0
2017-02-16,8673000.0
2017-02-17,13628000.0
2017-02-18,
2017-02-19,
2017-02-20,12570000.0
2017-02-21,6285000.0
2017-02-22,5150000.0
2017-02-23,24236000.0
2017-02-24,7334000.0
2017-02-25,
2017-02-26,
2017-02-27,14866000.0
2017-02-28,12412000.0
2017-03-01,5229000.0
2017-03-02,13491000.0
2017-03-03,12843000.0
2017-03-04,
2017-03-05,
2017-03-06,9616000.0
2017-03-07,10295000.0
2017-03-08,12165000.0
2017-03-09,11951000.0
2017-03-10,15280000.0
2017-03-11,
2017-03-12,
2017-03-13,22426000.0
2017-03-14,17749000.0
2017-03-15,29380000.0
2017-03-16,19725000.0
2017-03-17,21853000.0
2017-03-18,
2017-03-19,
2017-03-20,5587000.0
2017-03-21,4554000.0
2017-03-22,13011000.0
2017-03-23,45759000.0
2017-03-24,6260000.0
2017-03-25,
2017-03-26,
2017-03-27,17969000.0
2017-03-28,6868000.0
2017-03-29,17704000.0
2017-03-30,14323000.0
2017-03-31,16601000.0
2017-04-01,
2017-04-02,
2017-04-03,6289000.0
2017-04-04,16693000.0
2017-04-05,10937000.0
2017-04-06,23455000.0
2017-04-07,21056000.0
2017-04-08,
2017-04-09,
2017-04-10,30599000.0
2017-04-11,0.0
2017-04-12,29677000.0
2017-04-13,0.0
2017-04-14,0.0
2017-04-15,
2017-04-16,
2017-04-17,19939000.0
2017-04-18,16190000.0
2017-04-19,7983000.0
2017-04-20,14444000.0
2017-04-21,20458000.0
2017-04-22,
2017-04-23,
2017-04-24,15226000.0
2017-04-25,18496000.0
2017-04-26,10706000.0
2017-04-27,9558000.0
2017-04-28,21827000.0
2017-04-29,
2017-04-30,
2017-05-01,0.0
2017-05-02,13513000.0
2017-05-03,10418000.0
2017-05-04,8784000.0
2017-05-05,18230000.0
2017-05-06,
2017-05-07,
2017-05-08,14245000.0
2017-05-09,15816000.0
2017-05-10,4637000.0
2017-05-11,15034000.0
2017-05-12,7965000.0
2017-05-13,
2017-05-14,
2017-05-15,4106000.0
2017-05-16,11950000.0
2017-05-17,25715000.0
2017-05-18,22031000.0
2017-05-19,35397000.0
2017-05-20,
2017-05-21,
2017-05-22,66613000.0
2017-05-23,41219000.0
2017-05-24,36579000.0
2017-05-25,19085000.0
2017-05-26,36721000.0
2017-05-27,
2017-05-28,
2017-05-29,33136000.0
2017-05-30,20526000.0
2017-05-31,23634000.0
2017-06-01,21965000.0
2017-06-02,75904000.0
2017-06-03,
2017-06-04,
2017-06-05,41184000.0
2017-06-06,35873000.0
2017-06-07,29307000.0
2017-06-08,20747000.0
2017-06-09,11792000.0
2017-06-10,
2017-06-11,
2017-06-12,14028000.0
2017-06-13,14997000.0
2017-06-14,14419000.0
2017-06-15,13328000.0
2017-06-16,18460000.0
2017-06-17,
2017-06-18,
2017-06-19,9361000.0
2017-06-20,13097000.0
2017-06-21,14601000.0
2017-06-22,6974000.0
2017-06-23,28009000.0
2017-06-24,
2017-06-25,
2017-06-26,24728000.0
2017-06-27,14399000.0
2017-06-28,34673000.0
2017-06-29,52957000.0
2017-06-30,15392000.0
2017-07-01,
2017-07-02,
2017-07-03,7309000.0
2017-07-04,16490000.0
2017-07-05,7154000.0
2017-07-06,15469000.0
2017-07-07,15658000.0
2017-07-08,
2017-07-09,
2017-07-10,13248000.0
2017-07-11,8960000.0
2017-07-12,15322000.0
2017-07-13,25336000.0
2017-07-14,23606000.0
2017-07-15,
2017-07-16,
2017-07-17,11639000.0
2017-07-18,15125000.0
2017-07-19,9212000.0
2017-07-20,15395000.0
2017-07-21,13374000.0
2017-07-22,
2017-07-23,
2017-07-24,15274000.0
2017-07-25,0.0
2017-07-26,14234000.0
2017-07-27,19566000.0
2017-07-28,7721000.0
2017-07-29,
2017-07-30,
2017-07-31,9130000.0
2017-08-01,6447000.0
2017-08-02,0.0
2017-08-03,5432000.0
2017-08-04,4647000.0
2017-08-05,
2017-08-06,
2017-08-07,7290000.0
2017-08-08,8769000.0
2017-08-09,7980000.0
2017-08-10,8666000.0
2017-08-11,30935000.0
2017-08-12,
2017-08-13,
2017-08-14,24202000.0
2017-08-15,0.0
2017-08-16,31874000.0
2017-08-17,24504000.0
2017-08-18,5981000.0
2017-08-19,
2017-08-20,
2017-08-21,6510000.0
2017-08-22,17312000.0
2017-08-23,12404000.0
2017-08-24,6143000.0
2017-08-25,16871000.0
2017-08-26,
2017-08-27,
2017-08-28,13930000.0
2017-08-29,10788000.0
2017-08-30,6250000.0
2017-08-31,20721000.0
2017-09-01,4604000.0
2017-09-02,
2017-09-03,
2017-09-04,12317000.0
2017-09-05,12675000.0
2017-09-06,10109000.0
2017-09-07,17664000.0
2017-09-08,11570000.0
2017-09-09,
2017-09-10,
2017-09-11,8439000.0
2017-09-12,12073000.0
2017-09-13,15208000.0
2017-09-14,24776000.0
2017-09-15,0.0
2017-09-16,
2017-09-17,
2017-09-18,20377000.0
2017-09-19,16885000.0
2017-09-20,12144000.0
2017-09-21,8028000.0
2017-09-22,16385000.0
2017-09-23,
2017-09-24,
2017-09-25,10787000.0
2017-09-26,16889000.0
2017-09-27,19594000.0
2017-09-28,11155000.0
2017-09-29,19428000.0
2017-09-30,
2017-10-01,
2017-10-02,9162000.0
2017-10-03,12290000.0
2017-10-04,14330000.0
2017-10-05,20639000.0
2017-10-06,9804000.0
2017-10-07,
2017-10-08,
2017-10-09,12232000.0
2017-10-10,14335000.0
2017-10-11,16218000.0
2017-10-12,26034000.0
2017-10-13,39262000.0
2017-10-14,
2017-10-15,
2017-10-16,0.0
2017-10-17,17111000.0
2017-10-18,17222000.0
2017-10-19,13028000.0
2017-10-20,16224000.0
2017-10-21,
2017-10-22,
2017-10-23,20992000.0
2017-10-24,22036000.0
2017-10-25,12509000.0
2017-10-26,20160000.0
2017-10-27,5826000.0
2017-10-28,
2017-10-29,
2017-10-30,18549000.0
2017-10-31,13684000.0
2017-11-01,5963000.0
2017-11-02,9576000.0
2017-11-03,10432000.0
2017-11-04,
2017-11-05,
2017-11-06,11364000.0
2017-11-07,11535000.0
2017-11-08,16758000.0
2017-11-09,18992000.0
2017-11-10,7938000.0
2017-11-11,
2017-11-12,
2017-11-13,15956000.0
2017-11-14,21418000.0
2017-11-15,32768000.0
2017-11-16,15052000.0
2017-11-17,19275000.0
2017-11-18,
2017-11-19,
2017-11-20,20680000.0
2017-11-21,8012000.0
2017-11-22,20970000.0
2017-11-23,19462000.0
2017-11-24,19037000.0
2017-11-25,
2017-11-26,
2017-11-27,38272000.0
2017-11-28,17363000.0
2017-11-29,13646000.0
2017-11-30,24119000.0
2017-12-01,16607000.0
2017-12-02,
2017-12-03,
2017-12-04,19078000.0
2017-12-05,26508000.0
2017-12-06,22985000.0
2017-12-07,27560000.0
2017-12-08,34805000.0
2017-12-09,
2017-12-10,
2017-12-11,22462000.0
2017-12-12,21534000.0
2017-12-13,22208000.0
2017-12-14,32277000.0
2017-12-15,33438000.0
2017-12-16,
2017-12-17,
2017-12-18,26685000.0
2017-12-19,13268000.0
2017-12-20,33239000.0
2017-12-21,11947000.0
2017-12-22,28576000.0
2017-12-23,
2017-12-24,
2017-12-25,0.0
2017-12-26,14495000.0
2017-12-27,12758000.0
2017-12-28,35586000.0
2017-12-29,0.0
2017-12-30,
2017-12-31,
2018-01-01,0.0
2018-01-02,9452000.0
2018-01-03,6285000.0
2018-01-04,11758000.0
2018-01-05,9623000.0
2018-01-06,
2018-01-07,
2018-01-08,12809000.0
2018-01-09,7579000.0
2018-01-10,9885000.0
2018-01-11,21860000.0
2018-01-12,12654000.0
2018-01-13,
2018-01-14,
2018-01-15,28863000.0
2018-01-16,25973000.0
2018-01-17,12349000.0
2018-01-18,6260000.0
2018-01-19,8237000.0
2018-01-20,
2018-01-21,
2018-01-22,18559000.0
2018-01-23,18853000.0
2018-01-24,26580000.0
2018-01-25,16166000.0
2018-01-26,20867000.0
2018-01-27,
2018-01-28,
2018-01-29,13376000.0
2018-01-30,6959000.0
2018-01-31,9613000.0
2018-02-01,5088000.0
2018-02-02,17948000.0
2018-02-03,
2018-02-04,
2018-02-05,14602000.0
2018-02-06,25791000.0
2018-02-07,19035000.0
2018-02-08,15774000.0
2018-02-09,12144000.0
2018-02-10,
2018-02-11,
2018-02-12,10361000.0
2018-02-13,14421000.0
2018-02-14,14801000.0
2018-02-15,10851000.0
2018-02-16,8051000.0
2018-02-17,
2018-02-18,
2018-02-19,11479000.0
2018-02-20,16288000.0
2018-02-21,7890000.0
2018-02-22,17755000.0
2018-02-23,18503000.0
2018-02-24,
2018-02-25,
2018-02-26,12175000.0
2018-02-27,10734000.0
2018-02-28,18170000.0
2018-03-01,8602000.0
2018-03-02,9180000.0
2018-03-03,
2018-03-04,
2018-03-05,18157000.0
2018-03-06,9926000.0
2018-03-07,17754000.0
2018-03-08,25529000.0
2018-03-09,24715000.0
2018-03-10,
2018-03-11,
2018-03-12,19861000.0
2018-03-13,27394000.0
2018-03-14,56110000.0
2018-03-15,49466000.0
2018-03-16,24600000.0
2018-03-17,
2018-03-18,
2018-03-19,28053000.0
2018-03-20,8774000.0
2018-03-21,10849000.0
2018-03-22,23529000.0
2018-03-23,17012000.0
2018-03-24,
2018-03-25,
2018-03-26,9436000.0
2018-03-27,16282000.0
2018-03-28,7309000.0
2018-03-29,0.0
2018-03-30,0.0
2018-03-31,
2018-04-01,
2018-04-02,9283000.0
2018-04-03,7316000.0
2018-04-04,12239000.0
2018-04-05,18727000.0
2018-04-06,13117000.0
2018-04-07,
2018-04-08,
2018-04-09,35377000.0
2018-04-10,32903000.0
2018-04-11,0.0
2018-04-12,23861000.0
2018-04-13,19609000.0
2018-04-14,
2018-04-15,
2018-04-16,30831000.0
2018-04-17,20627000.0
2018-04-18,11351000.0
2018-04-19,12853000.0
2018-04-20,4020000.0
2018-04-21,
2018-04-22,
2018-04-23,10517000.0
2018-04-24,20920000.0
2018-04-25,18642000.0
2018-04-26,9833000.0
2018-04-27,15165000.0
2018-04-28,
2018-04-29,
2018-04-30,8160000.0
2018-05-01,0.0
2018-05-02,15424000.0
2018-05-03,2956000.0
2018-05-04,9355000.0
2018-05-05,
2018-05-06,
2018-05-07,18075000.0
2018-05-08,0.0
2018-05-09,18493000.0
2018-05-10,16489000.0
2018-05-11,14628000.0
2018-05-12,
2018-05-13,
2018-05-14,42403000.0
2018-05-15,27291000.0
2018-05-16,24328000.0
2018-05-17,32753000.0
2018-05-18,21237000.0
2018-05-19,
2018-05-20,
2018-05-21,17891000.0
2018-05-22,12938000.0
2018-05-23,12486000.0
2018-05-24,5100000.0
2018-05-25,15221000.0
2018-05-26,
2018-05-27,
2018-05-28,7175000.0
2018-05-29,10107000.0
2018-05-30,6868000.0
2018-05-31,15114000.0
2018-06-01,9132000.0
2018-06-02,
2018-06-03,
2018-06-04,4322000.0
2018-06-05,15527000.0
2018-06-06,7642000.0
2018-06-07,20185000.0
2018-06-08,22467000.0
2018-06-09,
2018-06-10,
2018-06-11,24339000.0
2018-06-12,31090000.0
2018-06-13,20195000.0
2018-06-14,35961000.0
2018-06-15,25467000.0
2018-06-16,
2018-06-17,
2018-06-18,15385000.0
2018-06-19,11265000.0
2018-06-20,11445000.0
2018-06-21,15170000.0
2018-06-22,10256000.0
2018-06-23,
2018-06-24,
2018-06-25,16561000.0
2018-06-26,18699000.0
2018-06-27,17385000.0
2018-06-28,16491000.0
2018-06-29,27755000.0
2018-06-30,
2018-07-01,
2018-07-02,10582000.0
2018-07-03,18528000.0
2018-07-04,8555000.0
2018-07-05,13627000.0
2018-07-06,16107000.0
2018-07-07,
2018-07-08,
2018-07-09,28236000.0
2018-07-10,17858000.0
2018-07-11,12819000.0
2018-07-12,30916000.0
2018-07-13,20630000.0
2018-07-14,
2018-07-15,
2018-07-16,10704000.0
2018-07-17,13606000.0
2018-07-18,12415000.0
2018-07-19,9317000.0
2018-07-20,4351000.0
2018-07-21,
2018-07-22,
2018-07-23,7710000.0
2018-07-24,2252000.0
2018-07-25,0.0
2018-07-26,8260000.0
2018-07-27,5182000.0
2018-07-28,
2018-07-29,
2018-07-30,7851000.0
2018-07-31,4474000.0
2018-08-01,3805000.0
2018-08-02,0.0
2018-08-03,14152000.0
2018-08-04,
2018-08-05,
2018-08-06,5948000.0
2018-08-07,11778000.0
2018-08-08,11047000.0
2018-08-09,12727000.0
2018-08-10,14675000.0
2018-08-11,
2018-08-12,
2018-08-13,21474000.0
2018-08-14,16448000.0
2018-08-15,0.0
2018-08-16,22037000.0
2018-08-17,15667000.0
2018-08-18,
2018-08-19,
2018-08-20,7681000.0
2018-08-21,8276000.0
2018-08-22,4696000.0
2018-08-23,4355000.0
2018-08-24,7762000.0
2018-08-25,
2018-08-26,
2018-08-27,5046000.0
2018-08-28,2212000.0
2018-08-29,23501000.0
2018-08-30,2829000.0
2018-08-31,19140000.0
2018-09-01,
2018-09-02,
2018-09-03,4568000.0
2018-09-04,10972000.0
2018-09-05,6633000.0
2018-09-06,16095000.0
2018-09-07,21484000.0
2018-09-08,
2018-09-09,
2018-09-10,18951000.0
2018-09-11,16261000.0
2018-09-12,4713000.0
2018-09-13,8658000.0
2018-09-14,12477000.0
2018-09-15,
2018-09-16,
2018-09-17,3508000.0
2018-09-18,7656000.0
2018-09-19,3243000.0
2018-09-20,12472000.0
2018-09-21,7274000.0
2018-09-22,
2018-09-23,
2018-09-24,7302000.0
2018-09-25,14212000.0
2018-09-26,32909000.0
2018-09-27,46652000.0
2018-09-28,15984000.0
2018-09-29,
2018-09-30,
2018-10-01,4041000.0
2018-10-02,8442000.0
2018-10-03,3646000.0
2018-10-04,9650000.0
2018-10-05,16904000.0
2018-10-06,
2018-10-07,
2018-10-08,16321000.0
2018-10-09,14971000.0
2018-10-10,12429000.0
2018-10-11,12460000.0
2018-10-12,10992000.0
2018-10-13,
2018-10-14,
2018-10-15,0.0
2018-10-16,8942000.0
2018-10-17,7857000.0
2018-10-18,8506000.0
2018-10-19,4128000.0
2018-10-20,
2018-10-21,
2018-10-22,8928000.0
2018-10-23,2233000.0
2018-10-24,4488000.0
2018-10-25,4423000.0
2018-10-26,5329000.0
2018-10-27,
2018-10-28,
2018-10-29,4247000.0
2018-10-30,6374000.0
2018-10-31,12183000.0
2018-11-01,46317000.0
2018-11-02,9526000.0
2018-11-03,
2018-11-04,
2018-11-05,10803000.0
2018-11-06,49015000.0
2018-11-07,31327000.0
2018-11-08,14087000.0
2018-11-09,13146000.0
2018-11-10,
2018-11-11,
2018-11-12,10221000.0
2018-11-13,7665000.0
2018-11-14,24829000.0
2018-11-15,14346000.0
2018-11-16,10894000.0
2018-11-17,
2018-11-18,
2018-11-19,4599000.0
2018-11-20,10165000.0
2018-11-21,53611000.0
2018-11-22,13777000.0
2018-11-23,14239000.0
2018-11-24,
2018-11-25,
2018-11-26,9570000.0
2018-11-27,24803000.0
2018-11-28,14639000.0
2018-11-29,8545000.0
2018-11-30,11529000.0
2018-12-01,
2018-12-02,
2018-12-03,13362000.0
2018-12-04,31413000.0
2018-12-05,15538000.0
2018-12-06,5993000.0
2018-12-07,14333000.0
2018-12-08,
2018-12-09,
2018-12-10,16082000.0
2018-12-11,23490000.0
2018-12-12,18222000.0
2018-12-13,25001000.0
2018-12-14,13683000.0
2018-12-15,
2018-12-16,
2018-12-17,12993000.0
2018-12-18,11017000.0
2018-12-19,18194000.0
2018-12-20,14776000.0
2018-12-21,18736000.0
2018-12-22,
2018-12-23,
2018-12-24,11030000.0
2018-12-25,0.0
2018-12-26,5138000.0
2018-12-27,14040000.0
2018-12-28,5278000.0
2018-12-29,
2018-12-30,
2018-12-31,0.0
2019-01-01,0.0
2019-01-02,8850000.0
2019-01-03,8507000.0
2019-01-04,12353000.0
2019-01-05,
2019-01-06,
2019-01-07,4359000.0
2019-01-08,8082000.0
2019-01-09,25021000.0
2019-01-10,26742000.0
2019-01-11,22528000.0
2019-01-12,
2019-01-13,
2019-01-14,29709000.0
2019-01-15,26314000.0
2019-01-16,18165000.0
2019-01-17,6118000.0
2019-01-18,3647000.0
2019-01-19,
2019-01-20,
2019-01-21,6703000.0
2019-01-22,4734000.0
2019-01-23,21332000.0
2019-01-24,7129000.0
2019-01-25,15834000.0
2019-01-26,
2019-01-27,
2019-01-28,7422000.0
2019-01-29,8873000.0
2019-01-30,8238000.0
2019-01-31,8380000.0
2019-02-01,6412000.0
2019-02-02,
2019-02-03,
2019-02-04,8205000.0
2019-02-05,8753000.0
2019-02-06,6040000.0
2019-02-07,11944000.0
2019-02-08,8990000.0
2019-02-09,
2019-02-10,
2019-02-11,21498000.0
2019-02-12,16497000.0
2019-02-13,17573000.0
2019-02-14,22418000.0
2019-02-15,4545000.0
2019-02-16,
2019-02-17,
2019-02-18,14088000.0
2019-02-19,13817000.0
2019-02-20,27486000.0
2019-02-21,17687000.0
2019-02-22,5549000.0
2019-02-23,
2019-02-24,
2019-02-25,11268000.0
2019-02-26,19766000.0
2019-02-27,11468000.0
2019-02-28,21058000.0
2019-03-01,8660000.0
2019-03-02,
2019-03-03,
2019-03-04,4911000.0
2019-03-05,18648000.0
2019-03-06,14924000.0
2019-03-07,19301000.0
2019-03-08,25582000.0
2019-03-09,
2019-03-10,
2019-03-11,26475000.0
2019-03-12,24875000.0
2019-03-13,21492000.0
2019-03-14,35835000.0
2019-03-15,22330000.0
2019-03-16,
2019-03-17,
2019-03-18,5257000.0
2019-03-19,6663000.0
2019-03-20,18488000.0
2019-03-21,5515000.0
2019-03-22,32861000.0
2019-03-23,
2019-03-24,
2019-03-25,6410000.0
2019-03-26,14866000.0
2019-03-27,9080000.0
2019-03-28,12178000.0
2019-03-29,18356000.0
2019-03-30,
2019-03-31,
2019-04-01,3867000.0
2019-04-02,9378000.0
2019-04-03,18014000.0
2019-04-04,12126000.0
2019-04-05,11047000.0
2019-04-06,
2019-04-07,
2019-04-08,18555000.0
2019-04-09,23802000.0
2019-04-10,18931000.0
2019-04-11,0.0
2019-04-12,24989000.0
2019-04-13,
2019-04-14,
2019-04-15,42638000.0
2019-04-16,5908000.0
2019-04-17,6919000.0
2019-04-18,0.0
2019-04-19,0.0
2019-04-20,
2019-04-21,
2019-04-22,13203000.0
2019-04-23,13722000.0
2019-04-24,8432000.0
2019-04-25,17896000.0
2019-04-26,16532000.0
2019-04-27,
2019-04-28,
2019-04-29,7713000.0
2019-04-30,11635000.0
2019-05-01,0.0
2019-05-02,9873000.0
2019-05-03,1804000.0
2019-05-04,
2019-05-05,
2019-05-06,10427000.0
2019-05-07,18385000.0
2019-05-08,13868000.0
2019-05-09,18354000.0
2019-05-10,15221000.0
2019-05-11,
2019-05-12,
2019-05-13,36188000.0
2019-05-14,30899000.0
2019-05-15,18214000.0
2019-05-16,6334000.0
2019-05-17,14230000.0
2019-05-18,
2019-05-19,
2019-05-20,9116000.0
2019-05-21,9155000.0
2019-05-22,13037000.0
2019-05-23,8076000.0
2019-05-24,6040000.0
2019-05-25,
2019-05-26,
2019-05-27,16713000.0
2019-05-28,27529000.0
2019-05-29,21025000.0
2019-05-30,7446000.0
2019-05-31,13786000.0
2019-06-01,
2019-06-02,
2019-06-03,5127000.0
2019-06-04,8230000.0
2019-06-05,16116000.0
2019-06-06,24683000.0
2019-06-07,28312000.0
2019-06-08,
2019-06-09,
2019-06-10,27555000.0
2019-06-11,16313000.0
2019-06-12,18767000.0
2019-06-13,11272000.0
2019-06-14,13542000.0
2019-06-15,
2019-06-16,
2019-06-17,19239000.0
2019-06-18,10228000.0
2019-06-19,16109000.0
2019-06-20,16759000.0
2019-06-21,10459000.0
2019-06-22,
2019-06-23,
2019-06-24,22686000.0
2019-06-25,24110000.0
2019-06-26,39795000.0
2019-06-27,48966000.0
2019-06-28,37813000.0
2019-06-29,
2019-06-30,
2019-07-01,5266000.0
2019-07-02,4254000.0
2019-07-03,13691000.0
2019-07-04,7745000.0
2019-07-05,14370000.0
2019-07-06,
2019-07-07,
2019-07-08,7276000.0
2019-07-09,18348000.0
2019-07-10,26872000.0
2019-07-11,21153000.0
2019-07-12,31250000.0
2019-07-13,
2019-07-14,
2019-07-15,27499000.0
2019-07-16,14703000.0
2019-07-17,12252000.0
2019-07-18,20705000.0
2019-07-19,14573000.0
2019-07-20,
2019-07-21,
2019-07-22,25966000.0
2019-07-23,37583000.0
2019-07-24,22305000.0
2019-07-25,0.0
2019-07-26,12896000.0
2019-07-27,
2019-07-28,
2019-07-29,25523000.0
2019-07-30,8065000.0
2019-07-31,11670000.0
2019-08-01,8292000.0
2019-08-02,0.0
2019-08-03,
2019-08-04,
2019-08-05,11638000.0
2019-08-06,4345000.0
2019-08-07,13175000.0
2019-08-08,5500000.0
2019-08-09,12157000.0
2019-08-10,
2019-08-11,
2019-08-12,29314000.0
2019-08-13,34070000.0
2019-08-14,33516000.0
2019-08-15,0.0
2019-08-16,22824000.0
2019-08-17,
2019-08-18,
2019-08-19,31965000.0
2019-08-20,19577000.0
2019-08-21,7371000.0
2019-08-22,8051000.0
2019-08-23,21254000.0
2019-08-24,
2019-08-25,
2019-08-26,8470000.0
2019-08-27,7009000.0
2019-08-28,5649000.0
2019-08-29,10328000.0
2019-08-30,3154000.0
2019-08-31,
2019-09-01,
2019-09-02,2161000.0
2019-09-03,6484000.0
2019-09-04,9279000.0
2019-09-05,12459000.0
2019-09-06,14496000.0
2019-09-07,
2019-09-08,
2019-09-09,15852000.0
2019-09-10,26086000.0
2019-09-11,10124000.0
2019-09-12,25435000.0
2019-09-13,9860000.0
2019-09-14,
2019-09-15,
2019-09-16,12760000.0
2019-09-17,12116000.0
2019-09-18,13606000.0
2019-09-19,7636000.0
2019-09-20,15738000.0
2019-09-21,
2019-09-22,
2019-09-23,6485000.0
2019-09-24,15509000.0
2019-09-25,14422000.0
2019-09-26,22676000.0
2019-09-27,23018000.0
2019-09-28,
2019-09-29,
2019-09-30,19522000.0
2019-10-01,9327000.0
2019-10-02,5201000.0
2019-10-03,8167000.0
2019-10-04,28338000.0
2019-10-05,
2019-10-06,
2019-10-07,13079000.0
2019-10-08,25394000.0
2019-10-09,11881000.0
2019-10-10,31408000.0
2019-10-11,16965000.0
2019-10-12,
2019-10-13,
2019-10-14,24561000.0
2019-10-15,18047000.0
2019-10-16,18831000.0
2019-10-17,17164000.0
2019-10-18,10361000.0
2019-10-19,
2019-10-20,
2019-10-21,16866000.0
2019-10-22,13613000.0
2019-10-23,9971000.0
2019-10-24,11666000.0
2019-10-25,23293000.0
2019-10-26,
2019-10-27,
2019-10-28,15136000.0
2019-10-29,7773000.0
2019-10-30,12947000.0
2019-10-31,10931000.0
2019-11-01,13092000.0
2019-11-02,
2019-11-03,
2019-11-04,8005000.0
2019-11-05,16448000.0
2019-11-06,13128000.0
2019-11-07,13322000.0
2019-11-08,7036000.0
2019-11-09,
2019-11-10,
2019-11-11,8645000.0
2019-11-12,28576000.0
2019-11-13,22845000.0
2019-11-14,15565000.0
2019-11-15,17186000.0
2019-11-16,
2019-11-17,
2019-11-18,21030000.0
2019-11-19,10152000.0
2019-11-20,17054000.0
2019-11-21,32336000.0
2019-11-22,41520000.0
2019-11-23,
2019-11-24,
2019-11-25,30744000.0
2019-11-26,68806000.0
2019-11-27,31770000.0
2019-11-28,8250000.0
2019-11-29,12723000.0
2019-11-30,
2019-12-01,
2019-12-02,8820000.0
2019-12-03,32789000.0
2019-12-04,19953000.0
2019-12-05,42662000.0
2019-12-06,31165000.0
2019-12-07,
2019-12-08,
2019-12-09,4949000.0
2019-12-10,26893000.0
2019-12-11,17798000.0
2019-12-12,43972000.0
2019-12-13,38968000.0
2019-12-14,
2019-12-15,
2019-12-16,42273000.0
2019-12-17,18587000.0
2019-12-18,30335000.0
2019-12-19,38490000.0
2019-12-20,31885000.0
2019-12-21,
2019-12-22,
2019-12-23,11182000.0
2019-12-24,9494000.0
2019-12-25,0.0
2019-12-26,10934000.0
2019-12-27,14262000.0
2019-12-28,
2019-12-29,
2019-12-30,20611000.0
2019-12-31,0.0
2020-01-01,0.0
2020-01-02,22217000.0
2020-01-03,21354000.0
2020-01-04,
2020-01-05,
2020-01-06,3078000.0
2020-01-07,9843000.0
2020-01-08,20696000.0
2020-01-09,21989000.0
2020-01-10,24421000.0
2020-01-11,
2020-01-12,
2020-01-13,26508000.0
2020-01-14,16714000.0
2020-01-15,20971000.0
2020-01-16,20827000.0
2020-01-17,20245000.0
2020-01-18,
2020-01-19,
2020-01-20,1966000.0
2020-01-21,6049000.0
2020-01-22,9571000.0
2020-01-23,13688000.0
2020-01-24,17403000.0
2020-01-25,
2020-01-26,
2020-01-27,14344000.0
2020-01-28,18092000.0
2020-01-29,12871000.0
2020-01-30,15397000.0
2020-01-31,7985000.0
2020-02-01,
2020-02-02,
2020-02-03,8473000.0
2020-02-04,14820000.0
2020-02-05,12072000.0
2020-02-06,21429000.0
2020-02-07,17117000.0
2020-02-08,
2020-02-09,
2020-02-10,12087000.0
2020-02-11,7288000.0
2020-02-12,29423000.0
2020-02-13,16363000.0
2020-02-14,13328000.0
2020-02-15,
2020-02-16,
2020-02-17,9265000.0
2020-02-18,16775000.0
2020-02-19,20499000.0
2020-02-20,14188000.0
2020-02-21,29177000.0
2020-02-22,
2020-02-23,
2020-02-24,25429000.0
2020-02-25,20825000.0
2020-02-26,22840000.0
2020-02-27,12572000.0
2020-02-28,7635000.0
2020-02-29,
2020-03-01,
2020-03-02,9073000.0
2020-03-03,22910000.0
2020-03-04,12794000.0
2020-03-05,34147000.0
2020-03-06,30468000.0
2020-03-07,
2020-03-08,
2020-03-09,20145000.0
2020-03-10,25138000.0
2020-03-11,14298000.0
2020-03-12,6208000.0
2020-03-13,11791000.0
2020-03-14,
2020-03-15,
2020-03-16,38150000.0
2020-03-17,31954000.0
2020-03-18,17320000.0
2020-03-19,24850000.0
2020-03-20,16219000.0
2020-03-21,
2020-03-22,
2020-03-23,3485000.0
2020-03-24,9616000.0
2020-03-25,12272000.0
2020-03-26,9347000.0
2020-03-27,10958000.0
2020-03-28,
2020-03-29,
2020-03-30,26524000.0
2020-03-31,29776000.0
2020-04-01,15676000.0
2020-04-02,19840000.0
2020-04-03,13405000.0
2020-04-04,
2020-04-05,
2020-04-06,13425000.0
2020-04-07,18655000.0
2020-04-08,0.0
2020-04-09,0.0
2020-04-10,0.0
2020-04-11,
2020-04-12,
2020-04-13,32882000.0
2020-04-14,20615000.0
2020-04-15,21663000.0
2020-04-16,15146000.0
2020-04-17,4887000.0
2020-04-18,
2020-04-19,
2020-04-20,7643000.0
2020-04-21,10709000.0
2020-04-22,21903000.0
2020-04-23,13621000.0
2020-04-24,8280000.0
2020-04-25,
2020-04-26,
2020-04-27,4666000.0
2020-04-28,12512000.0
2020-04-29,4866000.0
2020-04-30,6760000.0
2020-05-01,0.0
2020-05-02,
2020-05-03,
2020-05-04,15568000.0
2020-05-05,15853000.0
2020-05-06,10533000.0
2020-05-07,24992000.0
2020-05-08,9001000.0
2020-05-09,
2020-05-10,
2020-05-11,15597000.0
2020-05-12,20449000.0
2020-05-13,24868000.0
2020-05-14,22324000.0
2020-05-15,9873000.0
2020-05-16,
2020-05-17,
2020-05-18,8769000.0
2020-05-19,7810000.0
2020-05-20,18267000.0
2020-05-21,17767000.0
2020-05-22,16240000.0
2020-05-23,
2020-05-24,
2020-05-25,2811000.0
2020-05-26,16838000.0
2020-05-27,8254000.0
2020-05-28,7036000.0
2020-05-29,5321000.0
2020-05-30,
2020-05-31,
2020-06-01,15970000.0
2020-06-02,6376000.0
2020-06-03,7358000.0
2020-06-04,21909000.0
2020-06-05,8092000.0
2020-06-06,
2020-06-07,
2020-06-08,8511000.0
2020-06-09,17946000.0
2020-06-10,19314000.0
2020-06-11,23465000.0
2020-06-12,2776000.0
2020-06-13,
2020-06-14,
2020-06-15,6130000.0
2020-06-16,6093000.0
2020-06-17,8486000.0
2020-06-18,9450000.0
2020-06-19,17585000.0
2020-06-20,
2020-06-21,
2020-06-22,4169000.0
2020-06-23,5707000.0
2020-06-24,15509000.0
2020-06-25,9025000.0
2020-06-26,20436000.0
2020-06-27,
2020-06-28,
2020-06-29,1924000.0
2020-06-30,4584000.0
2020-07-01,13549000.0
2020-07-02,8822000.0
2020-07-03,5249000.0
2020-07-04,
2020-07-05,
2020-07-06,4359000.0
2020-07-07,8998000.0
2020-07-08,13581000.0
2020-07-09,11369000.0
2020-07-10,3040000.0
2020-07-11,
2020-07-12,
2020-07-13,15788000.0
2020-07-14,10669000.0
2020-07-15,10412000.0
2020-07-16,16035000.0
2020-07-17,7506000.0
2020-07-18,
2020-07-19,
2020-07-20,4447000.0
2020-07-21,7363000.0
2020-07-22,6465000.0
2020-07-23,10185000.0
2020-07-24,7368000.0
2020-07-25,
2020-07-26,
2020-07-27,0.0
2020-07-28,8170000.0
2020-07-29,3199000.0
2020-07-30,6046000.0
2020-07-31,6930000.0
2020-08-01,
2020-08-02,
2020-08-03,2264000.0
2020-08-04,9126000.0
2020-08-05,11423000.0
2020-08-06,8476000.0
2020-08-07,5612000.0
2020-08-08,
2020-08-09,
2020-08-10,13419000.0
2020-08-11,11526000.0
2020-08-12,14210000.0
2020-08-13,14426000.0
2020-08-14,22142000.0
2020-08-15,
2020-08-16,
2020-08-17,0.0
2020-08-18,6112000.0
2020-08-19,11852000.0
2020-08-20,19738000.0
2020-08-21,3823000.0
2020-08-22,
2020-08-23,
2020-08-24,6628000.0
2020-08-25,3997000.0
2020-08-26,10304000.0
2020-08-27,6662000.0
2020-08-28,10368000.0
2020-08-29,
2020-08-30,
2020-08-31,7754000.0
2020-09-01,2130000.0
2020-09-02,22255000.0
2020-09-03,9542000.0
2020-09-04,14246000.0
2020-09-05,
2020-09-06,
2020-09-07,3564000.0
2020-09-08,20237000.0
2020-09-09,20491000.0
2020-09-10,19359000.0
2020-09-11,16086000.0
2020-09-12,
2020-09-13,
2020-09-14,0.0
2020-09-15,4951000.0
2020-09-16,7377000.0
2020-09-17,11192000.0
2020-09-18,4814000.0
2020-09-19,
2020-09-20,
2020-09-21,5630000.0
2020-09-22,6240000.0
2020-09-23,14732000.0
2020-09-24,15279000.0
2020-09-25,4944000.0
2020-09-26,
2020-09-27,
2020-09-28,8233000.0
2020-09-29,10502000.0
2020-09-30,16213000.0
2020-10-01,12214000.0
2020-10-02,6847000.0
2020-10-03,
2020-10-04,
2020-10-05,4561000.0
2020-10-06,18361000.0
2020-10-07,22657000.0
2020-10-08,10660000.0
2020-10-09,18481000.0
2020-10-10,
2020-10-11,
2020-10-12,10024000.0
2020-10-13,14898000.0
2020-10-14,11741000.0
2020-10-15,9354000.0
2020-10-16,7291000.0
2020-10-17,
2020-10-18,
2020-10-19,12881000.0
2020-10-20,16259000.0
2020-10-21,23245000.0
2020-10-22,21258000.0
2020-10-23,20571000.0
2020-10-24,
2020-10-25,
2020-10-26,11565000.0
2020-10-27,57359000.0
2020-10-28,27114000.0
2020-10-29,24192000.0
2020-10-30,21681000.0
2020-10-31,
2020-11-01,
2020-11-02,16609000.0
2020-11-03,12243000.0
2020-11-04,13655000.0
2020-11-05,14701000.0
2020-11-06,9368000.0
2020-11-07,
2020-11-08,
2020-11-09,22456000.0
2020-11-10,14726000.0
2020-11-11,11867000.0
2020-11-12,22277000.0
2020-11-13,25525000.0
2020-11-14,
2020-11-15,
2020-11-16,14382000.0
2020-11-17,11782000.0
2020-11-18,13056000.0
2020-11-19,34869000.0
2020-11-20,29351000.0
2020-11-21,
2020-11-22,
2020-11-23,7552000.0
2020-11-24,12143000.0
2020-11-25,4275000.0
2020-11-26,30700000.0
2020-11-27,7781000.0
2020-11-28,
2020-11-29,
2020-11-30,0.0
2020-12-01,33085000.0
2020-12-02,19982000.0
2020-12-03,35882000.0
2020-12-04,5694000.0
2020-12-05,
2020-12-06,
2020-12-07,18477000.0
2020-12-08,24467000.0
2020-12-09,12831000.0
2020-12-10,17087000.0
2020-12-11,6809000.0
2020-12-12,
2020-12-13,
2020-12-14,18103000.0
2020-12-15,35336000.0
2020-12-16,9236000.0
2020-12-17,9186000.0
2020-12-18,13635000.0
2020-12-19,
2020-12-20,
2020-12-21,2681000.0
2020-12-22,24720000.0
2020-12-23,16627000.0
2020-12-24,4470000.0
2020-12-25,0.0
2020-12-26,
2020-12-27,
2020-12-28,4519000.0
2020-12-29,10161000.0
2020-12-30,11726000.0
2020-12-31,0.0
2021-01-01,0.0
2021-01-02,
2021-01-03,
2021-01-04,10357000.0
2021-01-05,10049000.0
2021-01-06,6131000.0
2021-01-07,9500000.0
2021-01-08,16865000.0
2021-01-09,
2021-01-10,
2021-01-11,29504000.0
2021-01-12,44858000.0
2021-01-13,31264000.0
2021-01-14,12765000.0
2021-01-15,9508000.0
2021-01-16,
2021-01-17,
2021-01-18,33474000.0
2021-01-19,21819000.0
2021-01-20,11217000.0
2021-01-21,14022000.0
2021-01-22,15329000.0
2021-01-23,
2021-01-24,
2021-01-25,16710000.0
2021-01-26,12603000.0
2021-01-27,4877000.0
2021-01-28,4504000.0
2021-01-29,18086000.0
2021-01-30,
2021-01-31,
2021-02-01,13604000.0
2021-02-02,38172000.0
2021-02-03,19933000.0
2021-02-04,18573000.0
2021-02-05,19728000.0
2021-02-06,
2021-02-07,
2021-02-08,15286000.0
2021-02-09,22579000.0
2021-02-10,14199000.0
2021-02-11,31774000.0
2021-02-12,13360000.0
2021-02-13,
2021-02-14,
2021-02-15,7710000.0
2021-02-16,15314000.0
2021-02-17,22119000.0
2021-02-18,16156000.0
2021-02-19,14096000.0
2021-02-20,
2021-02-21,
2021-02-22,26973000.0
2021-02-23,6321000.0
2021-02-24,16566000.0
2021-02-25,15359000.0
2021-02-26,22919000.0
2021-02-27,
2021-02-28,
2021-03-01,16831000.0
2021-03-02,14028000.0
2021-03-03,26065000.0
2021-03-04,13616000.0
2021-03-05,36004000.0
2021-03-06,
2021-03-07,
2021-03-08,19074000.0
2021-03-09,24471000.0
2021-03-10,14884000.0
2021-03-11,17623000.0
2021-03-12,18738000.0
2021-03-13,
2021-03-14,
2021-03-15,26846000.0
2021-03-16,22484000.0
2021-03-17,21699000.0
2021-03-18,33381000.0
2021-03-19,26426000.0
2021-03-20,
2021-03-21,
2021-03-22,22765000.0
2021-03-23,21958000.0
2021-03-24,6259000.0
2021-03-25,17453000.0
2021-03-26,21981000.0
2021-03-27,
2021-03-28,
2021-03-29,14158000.0
2021-03-30,7363000.0
2021-03-31,29094000.0
2021-04-01,0.0
2021-04-02,0.0
2021-04-03,
2021-04-04,
2021-04-05,21616000.0
2021-04-06,14876000.0
2021-04-07,14827000.0
2021-04-08,26752000.0
2021-04-09,16122000.0
2021-04-10,
2021-04-11,
2021-04-12,33689000.0
2021-04-13,26453000.0
2021-04-14,20454000.0
2021-04-15,18278000.0
2021-04-16,13691000.0
2021-04-17,
2021-04-18,
2021-04-19,33740000.0
2021-04-20,29509000.0
2021-04-21,18966000.0
2021-04-22,8786000.0
2021-04-23,10868000.0
2021-04-24,
2021-04-25,
2021-04-26,11362000.0
2021-04-27,14662000.0
2021-04-28,10869000.0
2021-04-29,18528000.0
2021-04-30,26645000.0
2021-05-01,
2021-05-02,
2021-05-03,0.0
2021-05-04,12436000.0
2021-05-05,15925000.0
2021-05-06,23110000.0
2021-05-07,34539000.0
2021-05-08,
2021-05-09,
2021-05-10,20792000.0
2021-05-11,26949000.0
2021-05-12,16377000.0
2021-05-13,27250000.0
2021-05-14,12656000.0
2021-05-15,
2021-05-16,
2021-05-17,19150000.0
2021-05-18,29679000.0
2021-05-19,19404000.0
2021-05-20,16563000.0
2021-05-21,8226000.0
2021-05-22,
2021-05-23,
2021-05-24,13466000.0
2021-05-25,13547000.0
2021-05-26,34343000.0
2021-05-27,11714000.0
2021-05-28,9966000.0
2021-05-29,
2021-05-30,
2021-05-31,7569000.0
2021-06-01,6770000.0
2021-06-02,26198000.0
2021-06-03,20198000.0
2021-06-04,11839000.0
2021-06-05,
2021-06-06,
2021-06-07,19178000.0
2021-06-08,10993000.0
2021-06-09,27294000.0
2021-06-10,21171000.0
2021-06-11,16706000.0
2021-06-12,
2021-06-13,
2021-06-14,13924000.0
2021-06-15,9997000.0
2021-06-16,19776000.0
2021-06-17,27439000.0
2021-06-18,17961000.0
2021-06-19,
2021-06-20,
2021-06-21,12210000.0
2021-06-22,7446000.0
2021-06-23,4998000.0
2021-06-24,8316000.0
2021-06-25,7565000.0
2021-06-26,
2021-06-27,
2021-06-28,24443000.0
2021-06-29,12395000.0
2021-06-30,36388000.0
2021-07-01,17623000.0
2021-07-02,10602000.0
2021-07-03,
2021-07-04,
2021-07-05,4573000.0
2021-07-06,6009000.0
2021-07-07,23509000.0
2021-07-08,9254000.0
2021-07-09,13316000.0
2021-07-10,
2021-07-11,
2021-07-12,32626000.0
2021-07-13,14298000.0
2021-07-14,12744000.0
2021-07-15,23129000.0
2021-07-16,15718000.0
2021-07-17,
2021-07-18,
2021-07-19,18885000.0
2021-07-20,14372000.0
2021-07-21,10817000.0
2021-07-22,12303000.0
2021-07-23,8470000.0
2021-07-24,
2021-07-25,
2021-07-26,0.0
2021-07-27,11830000.0
2021-07-28,4764000.0
2021-07-29,7598000.0
2021-07-30,17492000.0
2021-07-31,
2021-08-01,
2021-08-02,0.0
2021-08-03,2907000.0
2021-08-04,4668000.0
2021-08-05,8139000.0
2021-08-06,9393000.0
2021-08-07,
2021-08-08,
2021-08-09,9193000.0
2021-08-10,3000000.0
2021-08-11,6356000.0
2021-08-12,11819000.0
2021-08-13,5838000.0
2021-08-14,
2021-08-15,
2021-08-16,17873000.0
2021-08-17,14537000.0
2021-08-18,16809000.0
2021-08-19,15361000.0
2021-08-20,7881000.0
2021-08-21,
2021-08-22,
2021-08-23,15334000.0
2021-08-24,11063000.0
2021-08-25,8293000.0
2021-08-26,10493000.0
2021-08-27,6776000.0
2021-08-28,
2021-08-29,
2021-08-30,11657000.0
2021-08-31,8241000.0
2021-09-01,5512000.0
2021-09-02,15613000.0
2021-09-03,13709000.0
2021-09-04,
2021-09-05,
2021-09-06,6900000.0
2021-09-07,1298000.0
2021-09-08,2040000.0
2021-09-09,6689000.0
2021-09-10,14310000.0
2021-09-11,
2021-09-12,
2021-09-13,0.0
2021-09-14,8928000.0
2021-09-15,16232000.0
2021-09-16,26218000.0
2021-09-17,24086000.0
2021-09-18,
2021-09-19,
2021-09-20,13866000.0
2021-09-21,8189000.0
2021-09-22,14079000.0
2021-09-23,11763000.0
2021-09-24,9135000.0
2021-09-25,
2021-09-26,
2021-09-27,22504000.0
2021-09-28,4299000.0
2021-09-29,14483000.0
2021-09-30,17323000.0
2021-10-01,14727000.0
2021-10-02,
2021-10-03,
2021-10-04,17999000.0
2021-10-05,9826000.0
2021-10-06,23230000.0
2021-10-07,16630000.0
2021-10-08,6032000.0
2021-10-09,
2021-10-10,
2021-10-11,12512000.0
2021-10-12,12290000.0
2021-10-13,18664000.0
2021-10-14,11147000.0
2021-10-15,22864000.0
2021-10-16,
2021-10-17,
2021-10-18,13252000.0
2021-10-19,15661000.0
2021-10-20,15127000.0
2021-10-21,9237000.0
2021-10-22,20393000.0
2021-10-23,
2021-10-24,
2021-10-25,21362000.0
2021-10-26,5256000.0
2021-10-27,11914000.0
2021-10-28,27046000.0
2021-10-29,9405000.0
2021-10-30,
2021-10-31,
2021-11-01,12277000.0
2021-11-02,6918000.0
2021-11-03,7651000.0
2021-11-04,12739000.0
2021-11-05,6526000.0
2021-11-06,
2021-11-07,
2021-11-08,3725000.0
2021-11-09,17089000.0
2021-11-10,17378000.0
2021-11-11,21543000.0
2021-11-12,21370000.0
2021-11-13,
2021-11-14,
2021-11-15,15105000.0
2021-11-16,9053000.0
2021-11-17,14277000.0
2021-11-18,18178000.0
2021-11-19,21598000.0
2021-11-20,
2021-11-21,
2021-11-22,20062000.0
2021-11-23,34965000.0
2021-11-24,56992000.0
2021-11-25,28185000.0
2021-11-26,10637000.0
2021-11-27,
2021-11-28,
2021-11-29,0.0
2021-11-30,20504000.0
2021-12-01,26807000.0
2021-12-02,45588000.0
2021-12-03,13837000.0
2021-12-04,
2021-12-05,
2021-12-06,22253000.0
2021-12-07,28475000.0
2021-12-08,30090000.0
2021-12-09,35317000.0
2021-12-10,10981000.0
2021-12-11,
2021-12-12,
2021-12-13,4164000.0
2021-12-14,11346000.0
2021-12-15,47363000.0
2021-12-16,42363000.0
2021-12-17,40348000.0
2021-12-18,
2021-12-19,
2021-12-20,9086000.0
2021-12-21,14508000.0
2021-12-22,24494000.0
2021-12-23,16177000.0
2021-12-24,9068000.0
2021-12-25,
2021-12-26,
2021-12-27,6892000.0
2021-12-28,15455000.0
2021-12-29,18665000.0
2021-12-30,37992000.0
2021-12-31,0.0
2022-01-01,
2022-01-02,
2022-01-03,6228000.0
2022-01-04,13165000.0
2022-01-05,36919000.0
2022-01-06,44518000.0
2022-01-07,21938000.0
2022-01-08,
2022-01-09,
2022-01-10,41522000.0
2022-01-11,40072000.0
2022-01-12,16633000.0
2022-01-13,18126000.0
2022-01-14,18779000.0
2022-01-15,
2022-01-16,
2022-01-17,25151000.0
2022-01-18,15520000.0
2022-01-19,10450000.0
2022-01-20,13457000.0
2022-01-21,30519000.0
2022-01-22,
2022-01-23,
2022-01-24,17947000.0
2022-01-25,29473000.0
2022-01-26,8403000.0
2022-01-27,13135000.0
2022-01-28,10176000.0
2022-01-29,
2022-01-30,
2022-01-31,9635000.0
2022-02-01,12849000.0
2022-02-02,12459000.0
2022-02-03,21362000.0
2022-02-04,8262000.0
2022-02-05,
2022-02-06,
2022-02-07,36950000.0
2022-02-08,15139000.0
2022-02-09,29229000.0
2022-02-10,22400000.0
2022-02-11,23584000.0
2022-02-12,
2022-02-13,
2022-02-14,27296000.0
2022-02-15,14204000.0
2022-02-16,7207000.0
2022-02-17,34109000.0
2022-02-18,17245000.0
2022-02-19,
2022-02-20,
2022-02-21,31059000.0
2022-02-22,29033000.0
2022-02-23,41015000.0
2022-02-24,18333000.0
2022-02-25,15364000.0
2022-02-26,
2022-02-27,
2022-02-28,30609000.0
2022-03-01,10915000.0
2022-03-02,4283000.0
2022-03-03,18110000.0
2022-03-04,28180000.0
2022-03-05,
2022-03-06,
2022-03-07,24402000.0
2022-03-08,12702000.0
2022-03-09,53013000.0
2022-03-10,50709000.0
2022-03-11,53631000.0
2022-03-12,
2022-03-13,
2022-03-14,34743000.0
2022-03-15,4722000.0
2022-03-16,17455000.0
2022-03-17,17561000.0
2022-03-18,25344000.0
2022-03-19,
2022-03-20,
2022-03-21,25630000.0
2022-03-22,14127000.0
2022-03-23,11972000.0
2022-03-24,11012000.0
2022-03-25,15132000.0
2022-03-26,
2022-03-27,
2022-03-28,27892000.0
2022-03-29,7646000.0
2022-03-30,7016000.0
2022-03-31,38536000.0
2022-04-01,27310000.0
2022-04-02,
2022-04-03,
2022-04-04,11947000.0
2022-04-05,16661000.0
2022-04-06,22463000.0
2022-04-07,46620000.0
2022-04-08,23327000.0
2022-04-09,
2022-04-10,
2022-04-11,0.0
2022-04-12,13174000.0
2022-04-13,13805000.0
2022-04-14,0.0
2022-04-15,0.0
2022-04-16,
2022-04-17,
2022-04-18,18897000.0
2022-04-19,9738000.0
2022-04-20,7228000.0
2022-04-21,24925000.0
2022-04-22,21583000.0
2022-04-23,
2022-04-24,
2022-04-25,33099000.0
2022-04-26,27737000.0
2022-04-27,8762000.0
2022-04-28,16919000.0
2022-04-29,26054000.0
2022-04-30,
2022-05-01,
2022-05-02,27704000.0
2022-05-03,17359000.0
2022-05-04,7394000.0
2022-05-05,23064000.0
2022-05-06,30249000.0
2022-05-07,
2022-05-08,
2022-05-09,22714000.0
2022-05-10,31987000.0
2022-05-11,14162000.0
2022-05-12,11651000.0
2022-05-13,10936000.0
2022-05-14,
2022-05-15,
2022-05-16,14368000.0
2022-05-17,8526000.0
2022-05-18,14765000.0
2022-05-19,29557000.0
2022-05-20,13109000.0
2022-05-21,
2022-05-22,
2022-05-23,6081000.0
2022-05-24,7586000.0
2022-05-25,5408000.0
2022-05-26,13702000.0
2022-05-27,8462000.0
2022-05-28,
2022-05-29,
2022-05-30,15108000.0
2022-05-31,18047000.0
2022-06-01,21436000.0
2022-06-02,47396000.0
2022-06-03,46921000.0
2022-06-04,
2022-06-05,
2022-06-06,16143000.0
2022-06-07,4362000.0
2022-06-08,3250000.0
2022-06-09,15333000.0
2022-06-10,9873000.0
2022-06-11,
2022-06-12,
2022-06-13,15637000.0
2022-06-14,24967000.0
2022-06-15,3622000.0
2022-06-16,15247000.0
2022-06-17,8244000.0
2022-06-18,
2022-06-19,
2022-06-20,2338000.0
2022-06-21,10874000.0
2022-06-22,19243000.0
2022-06-23,15548000.0
2022-06-24,50310000.0
2022-06-25,
2022-06-26,
2022-06-27,31684000.0
2022-06-28,24573000.0
2022-06-29,19504000.0
2022-06-30,31598000.0
2022-07-01,10975000.0
2022-07-02,
2022-07-03,
2022-07-04,15171000.0
2022-07-05,26261000.0
2022-07-06,30773000.0
2022-07-07,33312000.0
2022-07-08,18516000.0
2022-07-09,
2022-07-10,
2022-07-11,52983000.0
2022-07-12,12919000.0
2022-07-13,46469000.0
2022-07-14,24200000.0
2022-07-15,33195000.0
2022-07-16,
2022-07-17,
2022-07-18,17303000.0
2022-07-19,23298000.0
2022-07-20,36043000.0
2022-07-21,54622000.0
2022-07-22,20713000.0
2022-07-23,
2022-07-24,
2022-07-25,0.0
2022-07-26,19996000.0
2022-07-27,11071000.0
2022-07-28,18247000.0
2022-07-29,12824000.0
2022-07-30,
2022-07-31,
2022-08-01,31110000.0
2022-08-02,0.0
2022-08-03,19899000.0
2022-08-04,19248000.0
2022-08-05,9219000.0
2022-08-06,
2022-08-07,
2022-08-08,16146000.0
2022-08-09,19667000.0
2022-08-10,14983000.0
2022-08-11,46063000.0
2022-08-12,44839000.0
2022-08-13,
2022-08-14,
2022-08-15,0.0
2022-08-16,56878000.0
2022-08-17,36838000.0
2022-08-18,34480000.0
2022-08-19,41670000.0
2022-08-20,
2022-08-21,
2022-08-22,25076000.0
2022-08-23,46064000.0
2022-08-24,18685000.0
2022-08-25,22022000.0
2022-08-26,15046000.0
2022-08-27,
2022-08-28,
2022-08-29,18419000.0
2022-08-30,19966000.0
2022-08-31,9651000.0
2022-09-01,11377000.0
2022-09-02,15380000.0
2022-09-03,
2022-09-04,
2022-09-05,28552000.0
2022-09-06,31611000.0
2022-09-07,32416000.0
2022-09-08,33128000.0
2022-09-09,45868000.0
2022-09-10,
2022-09-11,
2022-09-12,21206000.0
2022-09-13,29582000.0
2022-09-14,22119000.0
2022-09-15,40791000.0
2022-09-16,8456000.0
2022-09-17,
2022-09-18,
2022-09-19,0.0
2022-09-20,15572000.0
2022-09-21,19848000.0
2022-09-22,22262000.0
2022-09-23,19239000.0
2022-09-24,
2022-09-25,
2022-09-26,54148000.0
2022-09-27,46295000.0
2022-09-28,31252000.0
2022-09-29,33004000.0
2022-09-30,33323000.0
2022-10-01,
2022-10-02,
2022-10-03,4591000.0
2022-10-04,9671000.0
2022-10-05,34723000.0
2022-10-06,41255000.0
2022-10-07,43768000.0
2022-10-08,
2022-10-09,
2022-10-10,40053000.0
2022-10-11,49176000.0
2022-10-12,29328000.0
2022-10-13,43679000.0
2022-10-14,32362000.0
2022-10-15,
2022-10-16,
2022-10-17,14968000.0
2022-10-18,18302000.0
2022-10-19,14635000.0
2022-10-20,22555000.0
2022-10-21,41505000.0
2022-10-22,
2022-10-23,
2022-10-24,45464000.0
2022-10-25,45471000.0
2022-10-26,33244000.0
2022-10-27,38301000.0
2022-10-28,31064000.0
2022-10-29,
2022-10-30,
2022-10-31,14158000.0
2022-11-01,7097000.0
2022-11-02,5385000.0
2022-11-03,32069000.0
2022-11-04,34080000.0
2022-11-05,
2022-11-06,
2022-11-07,56556000.0
2022-11-08,17023000.0
2022-11-09,44703000.0
2022-11-10,15133000.0
2022-11-11,17569000.0
2022-11-12,
2022-11-13,
2022-11-14,51503000.0
2022-11-15,30833000.0
2022-11-16,27407000.0
2022-11-17,52895000.0
2022-11-18,30529000.0
2022-11-19,
2022-11-20,
2022-11-21,20178000.0
2022-11-22,30546000.0
2022-11-23,23085000.0
2022-11-24,28905000.0
2022-11-25,34268000.0
2022-11-26,
2022-11-27,
2022-11-28,22271000.0
2022-11-29,27085000.0
2022-11-30,29497000.0
2022-12-01,28189000.0
2022-12-02,61998000.0
2022-12-03,
2022-12-04,
2022-12-05,0.0
2022-12-06,59630000.0
2022-12-07,52893000.0
2022-12-08,25454000.0
2022-12-09,19114000.0
2022-12-10,
2022-12-11,
2022-12-12,19753000.0
2022-12-13,27933000.0
2022-12-14,64449000.0
2022-12-15,43829000.0
2022-12-16,45357000.0
2022-12-17,
2022-12-18,
2022-12-19,32801000.0
2022-12-20,45007000.0
2022-12-21,23066000.0
2022-12-22,27593000.0
2022-12-23,33963000.0
2022-12-24,
2022-12-25,
2022-12-26,17873000.0
2022-12-27,12662000.0
2022-12-28,25384000.0
2022-12-29,14909000.0
2022-12-30,0.0
2022-12-31,
2023-01-01,
2023-01-02,11240000.0
2023-01-03,32227000.0
2023-01-04,33772000.0
2023-01-05,35890000.0
2023-01-06,28412000.0
2023-01-07,
2023-01-08,
2023-01-09,42404000.0
2023-01-10,25138000.0
2023-01-11,31718000.0
2023-01-12,43782000.0
2023-01-13,35962000.0
2023-01-14,
2023-01-15,
2023-01-16,61964000.0
2023-01-17,69311000.0
2023-01-18,32230000.0
2023-01-19,41182000.0
2023-01-20,34974000.0
2023-01-21,
2023-01-22,
2023-01-23,39492000.0
2023-01-24,18262000.0
2023-01-25,37500000.0
2023-01-26,96548000.0
2023-01-27,24443000.0
2023-01-28,
2023-01-29,
2023-01-30,39851000.0
2023-01-31,30710000.0
2023-02-01,10038000.0
2023-02-02,37052000.0
2023-02-03,20691000.0
2023-02-04,
2023-02-05,
2023-02-06,12064000.0
2023-02-07,12876000.0
2023-02-08,31621000.0
2023-02-09,67755000.0
2023-02-10,41889000.0
2023-02-11,
2023-02-12,
2023-02-13,39357000.0
2023-02-14,68085000.0
2023-02-15,47056000.0
2023-02-16,40298000.0
2023-02-17,40147000.0
2023-02-18,
2023-02-19,
2023-02-20,41777000.0
2023-02-21,22260000.0
2023-02-22,50461000.0
2023-02-23,31420000.0
2023-02-24,20522000.0
2023-02-25,
2023-02-26,
2023-02-27,61431000.0
2023-02-28,42161000.0
2023-03-01,25721000.0
2023-03-02,44103000.0
2023-03-03,42479000.0
2023-03-04,
2023-03-05,
2023-03-06,45132000.0
2023-03-07,17803000.0
2023-03-08,77362000.0
2023-03-09,26817000.0
2023-03-10,45093000.0
2023-03-11,
2023-03-12,
2023-03-13,90877000.0
2023-03-14,93734000.0
2023-03-15,126238000.0
2023-03-16,37997000.0
2023-03-17,63062000.0
2023-03-18,
2023-03-19,
2023-03-20,69397000.0
2023-03-21,30723000.0
2023-03-22,25280000.0
2023-03-23,12773000.0
2023-03-24,59990000.0
2023-03-25,
2023-03-26,
2023-03-27,68394000.0
2023-03-28,28689000.0
2023-03-29,35938000.0
2023-03-30,35657000.0
2023-03-31,35424000.0
2023-04-01,
2023-04-02,
2023-04-03,56865000.0
2023-04-04,60688000.0
2023-04-05,72307000.0
2023-04-06,0.0
2023-04-07,0.0
2023-04-08,
2023-04-09,
2023-04-10,0.0
2023-04-11,62290000.0
2023-04-12,69382000.0
2023-04-13,70191000.0
2023-04-14,89972000.0
2023-04-15,
2023-04-16,
2023-04-17,96274000.0
2023-04-18,58974000.0
2023-04-19,59090000.0
2023-04-20,39767000.0
2023-04-21,25651000.0
2023-04-22,
2023-04-23,
2023-04-24,54134000.0
2023-04-25,26793000.0
2023-04-26,26752000.0
2023-04-27,36949000.0
2023-04-28,66055000.0
2023-04-29,
2023-04-30,
2023-05-01,0.0
2023-05-02,52813000.0
2023-05-03,39191000.0
2023-05-04,27007000.0
2023-05-05,67741000.0
2023-05-06,
2023-05-07,
2023-05-08,41048000.0
2023-05-09,23329000.0
2023-05-10,59754000.0
2023-05-11,31269000.0
2023-05-12,51942000.0
2023-05-13,
2023-05-14,
2023-05-15,76673000.0
2023-05-16,13366000.0
2023-05-17,45486000.0
2023-05-18,42559000.0
2023-05-19,49961000.0
2023-05-20,
2023-05-21,
2023-05-22,57911000.0
2023-05-23,42154000.0
2023-05-24,35161000.0
2023-05-25,18601000.0
2023-05-26,42421000.0
2023-05-27,
2023-05-28,
2023-05-29,40945000.0
2023-05-30,30371000.0
2023-05-31,26753000.0
2023-06-01,26236000.0
2023-06-02,32778000.0
2023-06-03,
2023-06-04,
2023-06-05,21782000.0
2023-06-06,11006000.0
2023-06-07,16692000.0
2023-06-08,40538000.0
2023-06-09,23862000.0
2023-06-10,
2023-06-11,
2023-06-12,49130000.0
2023-06-13,37035000.0
2023-06-14,54786000.0
2023-06-15,42817000.0
2023-06-16,34978000.0
2023-06-17,
2023-06-18,
2023-06-19,23152000.0
2023-06-20,29893000.0
2023-06-21,33641000.0
2023-06-22,25379000.0
2023-06-23,43147000.0
2023-06-24,
2023-06-25,
2023-06-26,59989000.0
2023-06-27,39785000.0
2023-06-28,51369000.0
2023-06-29,32428000.0
2023-06-30,27438000.0
2023-07-01,
2023-07-02,
2023-07-03,20987000.0
2023-07-04,7233000.0
2023-07-05,24560000.0
2023-07-06,21980000.0
2023-07-07,19831000.0
2023-07-08,
2023-07-09,
2023-07-10,57345000.0
2023-07-11,63832000.0
2023-07-12,38968000.0
2023-07-13,25785000.0
2023-07-14,42344000.0
2023-07-15,
2023-07-16,
2023-07-17,53808000.0
2023-07-18,50909000.0
2023-07-19,69158000.0
2023-07-20,34439000.0
2023-07-21,36293000.0
2023-07-22,
2023-07-23,
2023-07-24,0.0
2023-07-25,34318000.0
2023-07-26,43303000.0
2023-07-27,33160000.0
2023-07-28,23112000.0
2023-07-29,
2023-07-30,
2023-07-31,41160000.0
2023-08-01,25035000.0
2023-08-02,0.0
2023-08-03,41297000.0
2023-08-04,33945000.0
2023-08-05,
2023-08-06,
2023-08-07,62865000.0
2023-08-08,35525000.0
2023-08-09,51982000.0
2023-08-10,31559000.0
2023-08-11,42726000.0
2023-08-12,
2023-08-13,
2023-08-14,0.0
2023-08-15,85882000.0
2023-08-16,40426000.0
2023-08-17,18690000.0
2023-08-18,39548000.0
2023-08-19,
2023-08-20,
2023-08-21,39613000.0
2023-08-22,25699000.0
2023-08-23,29326000.0
2023-08-24,43142000.0
2023-08-25,46627000.0
2023-08-26,
2023-08-27,
2023-08-28,49989000.0
2023-08-29,43942000.0
2023-08-30,26825000.0
2023-08-31,13172000.0
2023-09-01,14379000.0
2023-09-02,
2023-09-03,
2023-09-04,15807000.0
2023-09-05,31215000.0
2023-09-06,31380000.0
2023-09-07,11572000.0
2023-09-08,13494000.0
2023-09-09,
2023-09-10,
2023-09-11,67590000.0
2023-09-12,60555000.0
2023-09-13,32807000.0
2023-09-14,35974000.0
2023-09-15,0.0
2023-09-16,
2023-09-17,
2023-09-18,40517000.0
2023-09-19,36289000.0
2023-09-20,30415000.0
2023-09-21,43475000.0
2023-09-22,52313000.0
2023-09-23,
2023-09-24,
2023-09-25,85487000.0
2023-09-26,36423000.0
2023-09-27,25203000.0
2023-09-28,22373000.0
2023-09-29,41203000.0
2023-09-30,
2023-10-01,
2023-10-02,24552000.0
2023-10-03,23851000.0
2023-10-04,30453000.0
2023-10-05,30588000.0
2023-10-06,24452000.0
2023-10-07,
2023-10-08,
2023-10-09,44223000.0
2023-10-10,63512000.0
2023-10-11,49224000.0
2023-10-12,44915000.0
2023-10-13,30819000.0
2023-10-14,
2023-10-15,
2023-10-16,30776000.0
2023-10-17,24940000.0
2023-10-18,50097000.0
2023-10-19,21269000.0
2023-10-20,49638000.0
2023-10-21,
2023-10-22,
2023-10-23,25776000.0
2023-10-24,59275000.0
2023-10-25,57794000.0
2023-10-26,43626000.0
2023-10-27,27794000.0
2023-10-28,
2023-10-29,
2023-10-30,33820000.0
2023-10-31,22063000.0
2023-11-01,39450000.0
2023-11-02,24046000.0
2023-11-03,30149000.0
2023-11-04,
2023-11-05,
2023-11-06,29299000.0
2023-11-07,37130000.0
2023-11-08,29470000.0
2023-11-09,36534000.0
2023-11-10,53187000.0
2023-11-11,
2023-11-12,
2023-11-13,44771000.0
2023-11-14,63064000.0
2023-11-15,37284000.0
2023-11-16,12974000.0
2023-11-17,64654000.0
2023-11-18,
2023-11-19,
2023-11-20,39958000.0
2023-11-21,30829000.0
2023-11-22,57260000.0
2023-11-23,21611000.0
2023-11-24,42837000.0
2023-11-25,
2023-11-26,
2023-11-27,41503000.0
2023-11-28,47519000.0
2023-11-29,26186000.0
2023-11-30,31123000.0
2023-12-01,0.0
2023-12-02,
2023-12-03,
2023-12-04,88132000.0
2023-12-05,25554000.0
2023-12-06,132162000.0
2023-12-07,24913000.0
2023-12-08,62296000.0
2023-12-09,
2023-12-10,
2023-12-11,44082000.0
2023-12-12,40323000.0
2023-12-13,77046000.0
2023-12-14,49246000.0
2023-12-15,35025000.0
2023-12-16,
2023-12-17,
2023-12-18,38783000.0
2023-12-19,49480000.0
2023-12-20,86359000.0
2023-12-21,52489000.0
2023-12-22,25700000.0
2023-12-23,
2023-12-24,
2023-12-25,0.0
2023-12-26,20048000.0
2023-12-27,12215000.0
2023-12-28,25760000.0
2023-12-29,0.0
2023-12-30,
2023-12-31,
2024-01-01,0.0
2024-01-02,25588000.0
2024-01-03,25355000.0
2024-01-04,22515000.0
2024-01-05,16689000.0
2024-01-06,
2024-01-07,
2024-01-08,61405000.0
2024-01-09,34440000.0
2024-01-10,43123000.0
2024-01-11,33506000.0
2024-01-12,11808000.0
2024-01-13,
2024-01-14,
2024-01-15,91138000.0
2024-01-16,35901000.0
2024-01-17,47417000.0
2024-01-18,39183000.0
2024-01-19,30868000.0
2024-01-20,
2024-01-21,
2024-01-22,28674000.0
2024-01-23,64543000.0
2024-01-24,27989000.0
2024-01-25,26845000.0
2024-01-26,27953000.0
2024-01-27,
2024-01-28,
2024-01-29,29350000.0
2024-01-30,37394000.0
2024-01-31,25985000.0
2024-02-01,14204000.0
2024-02-02,12686000.0
2024-02-03,
2024-02-04,
2024-02-05,23417000.0
2024-02-06,8258000.0
2024-02-07,35907000.0
2024-02-08,22055000.0
2024-02-09,16586000.0
2024-02-10,
2024-02-11,
2024-02-12,54780000.0
2024-02-13,41173000.0
2024-02-14,41369000.0
2024-02-15,35073000.0
2024-02-16,45540000.0
2024-02-17,
2024-02-18,
2024-02-19,25839000.0
2024-02-20,16473000.0
2024-02-21,26700000.0
2024-02-22,41372000.0
2024-02-23,15960000.0
2024-02-24,
2024-02-25,
2024-02-26,36640000.0
2024-02-27,55014000.0
2024-02-28,30184000.0
2024-02-29,25536000.0
2024-03-01,6197000.0
2024-03-02,
2024-03-03,
2024-03-04,46506000.0
2024-03-05,48785000.0
2024-03-06,89196000.0
2024-03-07,39586000.0
2024-03-08,32772000.0
2024-03-09,
2024-03-10,
2024-03-11,67436000.0
2024-03-12,61112000.0
2024-03-13,86375000.0
2024-03-14,80046000.0
2024-03-15,85198000.0
2024-03-16,
2024-03-17,
2024-03-18,62020000.0
2024-03-19,81483000.0
2024-03-20,63891000.0
2024-03-21,70899000.0
2024-03-22,29956000.0
2024-03-23,
2024-03-24,
2024-03-25,72043000.0
2024-03-26,31393000.0
2024-03-27,51371000.0
2024-03-28,0.0
2024-03-29,0.0
2024-03-30,
2024-03-31,
2024-04-01,27010000.0
2024-04-02,39732000.0
2024-04-03,56566000.0
2024-04-04,81676000.0
2024-04-05,38364000.0
2024-04-06,
2024-04-07,
2024-04-08,57452000.0
2024-04-09,65282000.0
2024-04-10,62701000.0
2024-04-11,58318000.0
2024-04-12,47798000.0
2024-04-13,
2024-04-14,
2024-04-15,0.0
2024-04-16,57300000.0
2024-04-17,73544000.0
2024-04-18,65021000.0
2024-04-19,27750000.0
2024-04-20,
2024-04-21,
2024-04-22,25715000.0
2024-04-23,33981000.0
2024-04-24,42806000.0
2024-04-25,34786000.0
2024-04-26,43440000.0
2024-04-27,
2024-04-28,
2024-04-29,20310000.0
2024-04-30,22470000.0
2024-05-01,0.0
2024-05-02,30562000.0
2024-05-03,16482000.0
2024-05-04,
2024-05-05,
2024-05-06,17198000.0
2024-05-07,29877000.0
2024-05-08,28789000.0
2024-05-09,33285000.0
2024-05-10,28588000.0
2024-05-11,
2024-05-12,
2024-05-13,44318000.0
2024-05-14,64062000.0
2024-05-15,41043000.0
2024-05-16,27543000.0
2024-05-17,28005000.0
2024-05-18,
2024-05-19,
2024-05-20,33929000.0
2024-05-21,22239000.0
2024-05-22,12287000.0
2024-05-23,7255000.0
2024-05-24,17978000.0
2024-05-25,
2024-05-26,
2024-05-27,10463000.0
2024-05-28,46556000.0
2024-05-29,25662000.0
2024-05-30,12119000.0
2024-05-31,15271000.0
2024-06-01,
2024-06-02,
2024-06-03,9071000.0
2024-06-04,30798000.0
2024-06-05,31592000.0
2024-06-06,37911000.0
2024-06-07,29025000.0
2024-06-08,
2024-06-09,
2024-06-10,46449000.0
2024-06-11,37387000.0
2024-06-12,66963000.0
2024-06-13,45954000.0
2024-06-14,39326000.0
2024-06-15,
2024-06-16,
2024-06-17,77991000.0
2024-06-18,32153000.0
2024-06-19,15505000.0
2024-06-20,21316000.0
2024-06-21,18054000.0
2024-06-22,
2024-06-23,
2024-06-24,109574000.0
2024-06-25,69465000.0
2024-06-26,24691000.0
2024-06-27,36633000.0
2024-06-28,40546000.0
2024-06-29,
2024-06-30,
2024-07-01,25742000.0
2024-07-02,40766000.0
2024-07-03,18463000.0
2024-07-04,16631000.0
2024-07-05,37724000.0
2024-07-06,
2024-07-07,
2024-07-08,55225000.0
2024-07-09,93703000.0
2024-07-10,47092000.0
2024-07-11,31658000.0
2024-07-12,40794000.0
2024-07-13,
2024-07-14,
2024-07-15,45999000.0
2024-07-16,37400000.0
2024-07-17,24114000.0
2024-07-18,25444000.0
2024-07-19,33509000.0
2024-07-20,
2024-07-21,
2024-07-22,44824000.0
2024-07-23,58786000.0
2024-07-24,23639000.0
2024-07-25,0.0
2024-07-26,57947000.0
2024-07-27,
2024-07-28,
2024-07-29,33290000.0
2024-07-30,37550000.0
2024-07-31,28011000.0
2024-08-01,10616000.0
2024-08-02,0.0
2024-08-03,
2024-08-04,
2024-08-05,45538000.0
2024-08-06,2158000.0
2024-08-07,24551000.0
2024-08-08,35546000.0
2024-08-09,14164000.0
2024-08-10,
2024-08-11,
2024-08-12,50866000.0
2024-08-13,90525000.0
2024-08-14,49834000.0
2024-08-15,0.0
2024-08-16,37139000.0
2024-08-17,
2024-08-18,
2024-08-19,33169000.0
2024-08-20,34102000.0
2024-08-21,62061000.0
2024-08-22,36790000.0
2024-08-23,20710000.0
2024-08-24,
2024-08-25,
2024-08-26,34396000.0
2024-08-27,75789000.0
2024-08-28,46495000.0
2024-08-29,27884000.0
2024-08-30,30082000.0
2024-08-31,
2024-09-01,
2024-09-02,28827000.0
2024-09-03,32590000.0
2024-09-04,31598000.0
2024-09-05,41577000.0
2024-09-06,26023000.0
2024-09-07,
2024-09-08,
2024-09-09,38678000.0
2024-09-10,37606000.0
2024-09-11,55942000.0
2024-09-12,25105000.0
2024-09-13,33935000.0
2024-09-14,
2024-09-15,
2024-09-16,36091000.0
2024-09-17,44739000.0
2024-09-18,47974000.0
2024-09-19,47449000.0
2024-09-20,20079000.0
2024-09-21,
2024-09-22,
2024-09-23,36428000.0
2024-09-24,23849000.0
2024-09-25,57029000.0
2024-09-26,20935000.0
2024-09-27,30719000.0
2024-09-28,
2024-09-29,
2024-09-30,50768000.0
2024-10-01,21445000.0
2024-10-02,21683000.0
2024-10-03,24017000.0
2024-10-04,63070000.0
2024-10-05,
2024-10-06,
2024-10-07,36509000.0
2024-10-08,36571000.0
2024-10-09,35528000.0
2024-10-10,29763000.0
2024-10-11,24369000.0
2024-10-12,
2024-10-13,
2024-10-14,39656000.0
2024-10-15,44776000.0
2024-10-16,56167000.0
2024-10-17,19196000.0
2024-10-18,23782000.0
2024-10-19,
2024-10-20,
2024-10-21,25729000.0
2024-10-22,57161000.0
2024-10-23,24479000.0
2024-10-24,18327000.0
2024-10-25,28335000.0
2024-10-26,
2024-10-27,
2024-10-28,27788000.0
2024-10-29,20908000.0
2024-10-30,23520000.0
2024-10-31,8810000.0
2024-11-01,28214000.0
2024-11-02,
2024-11-03,
2024-11-04,42541000.0
2024-11-05,66597000.0
2024-11-06,22039000.0
2024-11-07,19707000.0
2024-11-08,13304000.0
2024-11-09,
2024-11-10,
2024-11-11,36349000.0
2024-11-12,53583000.0
2024-11-13,32278000.0
2024-11-14,36960000.0
2024-11-15,25763000.0
2024-11-16,
2024-11-17,
2024-11-18,49594000.0
2024-11-19,23629000.0
2024-11-20,24391000.0
2024-11-21,26479000.0
2024-11-22,42802000.0
2024-11-23,
2024-11-24,
2024-11-25,55511000.0
2024-11-26,56438000.0
2024-11-27,48093000.0
2024-11-28,18598000.0
2024-11-29,8225000.0
2024-11-30,
2024-12-01,
2024-12-02,32713000.0
2024-12-03,40097000.0
2024-12-04,90302000.0
2024-12-05,38816000.0
2024-12-06,31534000.0
2024-12-07,
2024-12-08,
2024-12-09,48384000.0
2024-12-10,30758000.0
2024-12-11,37815000.0
2024-12-12,68259000.0
2024-12-13,55828000.0
2024-12-14,
2024-12-15,
2024-12-16,35045000.0
2024-12-17,31623000.0
2024-12-18,33020000.0
2024-12-19,46264000.0
2024-12-20,75014000.0
2024-12-21,
2024-12-22,
2024-12-23,35693000.0
2024-12-24,32468000.0
2024-12-25,0.0
2024-12-26,26491000.0
2024-12-27,18678000.0
2024-12-28,
2024-12-29,
2024-12-30,23840000.0
2024-12-31,0.0
2025-01-01,0.0
2025-01-02,30455000.0
2025-01-03,31864000.0
2025-01-04,
2025-01-05,
2025-01-06,44472000.0
2025-01-07,56015000.0
2025-01-08,27369000.0
2025-01-09,46449000.0
2025-01-10,42225000.0
2025-01-11,
2025-01-12,
2025-01-13,30211000.0
2025-01-14,40257000.0
2025-01-15,10399000.0
2025-01-16,35291000.0
2025-01-17,31051000.0
2025-01-18,
2025-01-19,
2025-01-20,37613000.0
2025-01-21,25814000.0
2025-01-22,37180000.0
2025-01-23,25772000.0
2025-01-24,15789000.0
2025-01-25,
2025-01-26,
2025-01-27,36390000.0
2025-01-28,62728000.0
2025-01-29,8577000.0
2025-01-30,14087000.0
2025-01-31,26044000.0
2025-02-01,
2025-02-02,
2025-02-03,16417000.0
2025-02-04,50521000.0
2025-02-05,58125000.0
2025-02-06,26036000.0
2025-02-07,19209000.0
2025-02-08,
2025-02-09,
2025-02-10,23923000.0
2025-02-11,23688000.0
2025-02-12,47110000.0
2025-02-13,30249000.0
2025-02-14,47188000.0
2025-02-15,
2025-02-16,
2025-02-17,24521000.0
2025-02-18,35573000.0
2025-02-19,39045000.0
2025-02-20,33807000.0
2025-02-21,49439000.0
2025-02-22,
2025-02-23,
2025-02-24,40830000.0
2025-02-25,76145000.0
2025-02-26,58006000.0
2025-02-27,41150000.0
2025-02-28,41406000.0
2025-03-01,
2025-03-02,
2025-03-03,20600000.0
2025-03-04,43519000.0
2025-03-05,54143000.0
2025-03-06,20565000.0
2025-03-07,53438000.0
2025-03-08,
2025-03-09,
2025-03-10,50481000.0
2025-03-11,42291000.0
2025-03-12,36815000.0
2025-03-13,29523000.0
2025-03-14,40920000.0
2025-03-15,
2025-03-16,
2025-03-17,75215000.0
2025-03-18,22620000.0
2025-03-19,22211000.0
2025-03-20,49731000.0
2025-03-21,70497000.0
2025-03-22,
2025-03-23,
2025-03-24,54342000.0
2025-03-25,74685000.0
2025-03-26,19310000.0
2025-03-27,32481000.0
2025-03-28,35095000.0
2025-03-29,
2025-03-30,
2025-03-31,44739000.0
2025-04-01,43545000.0
2025-04-02,35323000.0
2025-04-03,36231000.0
2025-04-04,46292000.0
2025-04-05,
2025-04-06,
2025-04-07,59708000.0
2025-04-08,49826000.0
2025-04-09,79758000.0
2025-04-10,70245000.0
2025-04-11,0.0
2025-04-12,
2025-04-13,
2025-04-14,96323000.0
2025-04-15,62985000.0
2025-04-16,32714000.0
2025-04-17,0.0
2025-04-18,0.0
2025-04-19,
2025-04-20,
2025-04-21,58815000.0
2025-04-22,39638000.0
2025-04-23,22303000.0
2025-04-24,59802000.0
2025-04-25,11042000.0
2025-04-26,
2025-04-27,
2025-04-28,34015000.0
2025-04-29,33341000.0
2025-04-30,35196000.0
2025-05-01,0.0
2025-05-02,11594000.0
2025-05-03,
2025-05-04,
2025-05-05,7899000.0
2025-05-06,57149000.0
2025-05-07,37727000.0
2025-05-08,52638000.0
2025-05-09,37836000.0
2025-05-10,
2025-05-11,
2025-05-12,71205000.0
2025-05-13,48288000.0
2025-05-14,68264000.0
2025-05-15,39837000.0
2025-05-16,9331000.0
2025-05-17,
2025-05-18,
2025-05-19,22206000.0
2025-05-20,38405000.0
2025-05-21,31423000.0
2025-05-22,39051000.0
2025-05-23,31919000.0
2025-05-24,
2025-05-25,
2025-05-26,13824000.0
2025-05-27,70360000.0
2025-05-28,38150000.0
2025-05-29,19660000.0
2025-05-30,22092000.0
2025-05-31,
2025-06-01,
2025-06-02,22694000.0
2025-06-03,40814000.0
2025-06-04,28898000.0
2025-06-05,42021000.0
2025-06-06,62051000.0
2025-06-07,
2025-06-08,
2025-06-09,43194000.0
2025-06-10,59815000.0
2025-06-11,39077000.0
2025-06-12,29150000.0
2025-06-13,20653000.0
2025-06-14,
2025-06-15,
2025-06-16,36206000.0
2025-06-17,39426000.0
2025-06-18,58217000.0
2025-06-19,12293000.0
2025-06-20,13248000.0
2025-06-21,
2025-06-22,
2025-06-23,54894000.0
2025-06-24,81239000.0
2025-06-25,81906000.0
2025-06-26,28842000.0
2025-06-27,48036000.0
2025-06-28,
2025-06-29,
2025-06-30,45946000.0
2025-07-01,34090000.0
2025-07-02,23116000.0
2025-07-03,29907000.0
2025-07-04,26229000.0
2025-07-05,
2025-07-06,
2025-07-07,68729000.0
2025-07-08,26041000.0
2025-07-09,25358000.0
2025-07-10,33670000.0
2025-07-11,15501000.0
2025-07-12,
2025-07-13,
2025-07-14,29027000.0
2025-07-15,27950000.0
2025-07-16,42282000.0
2025-07-17,56016000.0
2025-07-18,14206000.0
2025-07-19,
2025-07-20,
2025-07-21,28246000.0
2025-07-22,30866000.0
2025-07-23,30112000.0
2025-07-24,24018000.0
2025-07-25,0.0
2025-07-26,
2025-07-27,
2025-07-28,43607000.0
2025-07-29,50955000.0
2025-07-30,13704000.0
2025-07-31,15852000.0
2025-08-01,16516000.0
2025-08-02,
2025-08-03,
2025-08-04,8631000.0
2025-08-05,26748000.0
2025-08-06,44395000.0
2025-08-07,46948000.0
2025-08-08,24432000.0
2025-08-09,
2025-08-10,
2025-08-11,37546000.0
2025-08-12,50574000.0
2025-08-13,33211000.0
2025-08-14,65233000.0
2025-08-15,0.0
2025-08-16,
2025-08-17,
2025-08-18,20144000.0
2025-08-19,51491000.0
2025-08-20,65605000.0
2025-08-21,27725000.0
2025-08-22,26816000.0
2025-08-23,
2025-08-24,
2025-08-25,25472000.0
2025-08-26,58329000.0
2025-08-27,22958000.0
2025-08-28,12476000.0
2025-08-29,30295000.0
2025-08-30,
2025-08-31,
2025-09-01,7301000.0
2025-09-02,38448000.0
2025-09-03,32565000.0
2025-09-04,74067000.0
2025-09-05,32012000.0
2025-09-06,
2025-09-07,
2025-09-08,27008000.0
2025-09-09,57525000.0
2025-09-10,13652000.0
2025-09-11,29765000.0
2025-09-12,31926000.0
2025-09-13,
2025-09-14,
2025-09-15,0.0
2025-09-16,13576000.0
2025-09-17,25463000.0
2025-09-18,29477000.0
2025-09-19,19231000.0
2025-09-20,
2025-09-21,
2025-09-22,29940000.0
2025-09-23,39709000.0
2025-09-24,42088000.0
2025-09-25,40716000.0
2025-09-26,31678000.0
2025-09-27,
2025-09-28,
2025-09-29,16556000.0
2025-09-30,32105000.0
2025-10-01,20966000.0
2025-10-02,28963000.0
2025-10-03,14791000.0
2025-10-04,
2025-10-05,
2025-10-06,29153000.0
2025-10-07,35741000.0
2025-10-08,15698000.0
2025-10-09,13187000.0
2025-10-10,15848000.0
2025-10-11,
2025-10-12,
2025-10-13,35817000.0
2025-10-14,36369000.0
2025-10-15,10741000.0
2025-10-16,8591000.0
2025-10-17,20745000.0
2025-10-18,
2025-10-19,
2025-10-20,20703000.0
2025-10-21,13628000.0
2025-10-22,29815000.0
2025-10-23,121747000.0
2025-10-24,19676000.0
2025-10-25,
2025-10-26,
2025-10-27,34394000.0
2025-10-28,46051000.0
2025-10-29,20888000.0
2025-10-30,12746000.0
2025-10-31,25931000.0
2025-11-01,
2025-11-02,
2025-11-03,17282000.0
2025-11-04,13050000.0
2025-11-05,17698000.0
2025-11-06,27499000.0
2025-11-07,28349000.0
2025-11-08,
2025-11-09,
2025-11-10,16165000.0
2025-11-11,22064000.0
2025-11-12,11701000.0
2025-11-13,20598000.0
2025-11-14,15671000.0
2025-11-15,
2025-11-16,
2025-11-17,24445000.0
2025-11-18,15428000.0
2025-11-19,41913000.0
2025-11-20,34615000.0
2025-11-21,77068000.0
2025-11-22,
2025-11-23,
2025-11-24,142169000.0
2025-11-25,30937000.0
2025-11-26,62244000.0
2025-11-27,31498000.0
2025-11-28,28023000.0
2025-11-29,
2025-11-30,
2025-12-01,0.0
2025-12-02,87788000.0
2025-12-03,111173000.0
2025-12-04,75415000.0
2025-12-05,30699000.0
2025-12-06,
2025-12-07,
2025-12-08,19489000.0
2025-12-09,11789000.0
2025-12-10,29296000.0
2025-12-11,28202000.0
2025-12-12,34029000.0
2025-12-13,
2025-12-14,
2025-12-15,33041000.0
2025-12-16,26708000.0
2025-12-17,37578000.0
2025-12-18,100219000.0
2025-12-19,33044000.0
2025-12-20,
2025-12-21,
2025-12-22,31828000.0
2025-12-23,25981000.0
2025-12-24,25967000.0
2025-12-25,0.0
2025-12-26,5178000.0
2025-12-27,
2025-12-28,
2025-12-29,50814000.0
2025-12-30,12338000.0
2025-12-31,0.0
2026-01-01,0.0
2026-01-02,9502000.0
2026-01-03,
2026-01-04,
2026-01-05,19581000.0
2026-01-06,45062000.0
2026-01-07,22403000.0
2026-01-08,34952000.0
2026-01-09,40419000.0
2026-01-10,
2026-01-11,
2026-01-12,57843000.0
2026-01-13,54421000.0
2026-01-14,19217000.0
2026-01-15,57792000.0
2026-01-16,42228000.0
2026-01-17,
2026-01-18,
2026-01-19,8052000.0
2026-01-20,21048000.0
2026-01-21,14735000.0
2026-01-22,28313000.0
2026-01-23,50429000.0
2026-01-24,
2026-01-25,
2026-01-26,56225000.0
2026-01-27,64816000.0
2026-01-28,18014000.0
2026-01-29,19692000.0
2026-01-30,33805000.0
2026-01-31,
2026-02-01,
2026-02-02,26596000.0
2026-02-03,23494000.0
2026-02-04,52619000.0
2026-02-05,43531000.0
2026-02-06,33953000.0
2026-02-07,
2026-02-08,
2026-02-09,43894000.0
2026-02-10,35918000.0
2026-02-11,26093000.0
2026-02-12,41959000.0
2026-02-13,23464000.0
2026-02-14,
2026-02-15,
2026-02-16,17571000.0
2026-02-17,37792000.0
2026-02-18,28090000.0
2026-02-19,61231000.0
2026-02-20,50479000.0
2026-02-21,
2026-02-22,
2026-02-23,68783000.0
2026-02-24,106522000.0
2026-02-25,140576000.0
2026-02-26,48740000.0
2026-02-27,24347000.0
2026-02-28,
2026-03-01,
2026-03-02,18181000.0
2026-03-03,11468000.0
2026-03-04,18762000.0
2026-03-05,63376000.0
2026-03-06,80497000.0
2026-03-07,
2026-03-08,
2026-03-09,92983000.0
2026-03-10,9452000.0
2026-03-11,28242000.0
2026-03-12,39545000.0
2026-03-13,65209000.0
2026-03-14,
2026-03-15,
2026-03-16,59943000.0
2026-03-17,51208000.0
2026-03-18,48690000.0
2026-03-19,39346000.0
2026-03-20,48047000.0
2026-03-21,
2026-03-22,
2026-03-23,60374000.0
2026-03-24,66166000.0
2026-03-25,23883000.0
2026-03-26,30358000.0
2026-03-27,27337000.0
2026-03-28,
2026-03-29,
2026-03-30,26356000.0
2026-03-31,24482000.0
2026-04-01,25591000.0
2026-04-02,0.0
2026-04-03,0.0
2026-04-04,
2026-04-05,
2026-04-06,35388000.0
2026-04-07,46610000.0
2026-04-08,109924000.0
2026-04-09,59511000.0
2026-04-10,40447000.0
2026-04-11,
2026-04-12,
2026-04-13,99533000.0
2026-04-14,98106000.0
2026-04-15,36209000.0
2026-04-16,14314000.0
2026-04-17,52049000.0
2026-04-18,
2026-04-19,
2026-04-20,35583000.0
2026-04-21,53327000.0
2026-04-22,48802000.0
2026-04-23,60711000.0
2026-04-24,12122000.0
2026-04-25,
2026-04-26,
2026-04-27,44119000.0
2026-04-28,73811000.0
2026-04-29,36050000.0
2026-04-30,32745000.0
2026-05-01,0.0
2026-05-02,
2026-05-03,
2026-05-04,43382000.0
2026-05-05,13228000.0
2026-05-06,56361000.0
2026-05-07,40602000.0
2026-05-08,0.0
2026-05-09,
2026-05-10,
2026-05-11,93525000.0
2026-05-12,53556000.0
2026-05-13,42199000.0
2026-05-14,30975000.0
2026-05-15,36301000.0
2026-05-18,40126000.0
2026-05-19,63061000.0
2026-05-20,36155000.0
2026-05-21,43439000.0
2026-05-22,61671000.0
2026-05-25,23035000.0
2026-05-26,26780000.0
2026-05-27,19589000.0
2026-05-28,25352000.0
2026-05-29,12838000.0
2026-06-01,25133000.0
2026-06-02,18207000.0
2026-06-03,80392000.0
2026-06-04,46758000.0
2026-06-05,19028000.0
2026-06-08,64777000.0
2026-06-09,44987000.0
2026-06-10,43452000.0
2026-06-11,35961000.0
2026-06-12,52687000.0
2026-06-15,56340000.0
2026-06-16,57571000.0
2026-06-17,42559000.0
2026-06-18,38979000.0
2026-06-19,26132000.0
2026-06-22,33084000.0
2026-06-23,58511000.0
2026-06-24,38980000.0
2026-06-25,44547000.0
2026-06-26,30744000.0
2026-06-29,51913000.0
2026-06-30,32804000.0
2026-07-01,32896000.0
2026-07-02,43919000.0
2026-07-03,33126000.0
2026-07-06,34862000.0
2026-07-07,35459000.0
2026-07-08,26079000.0
2026-07-09,16494000.0
2026-07-10,29105000.0
2026-07-13,69123000.0
2026-07-14,52702000.0
2026-07-15,44521000.0
2026-07-16,42364000.0
2026-07-17,59261000.0
2026-07-20,27431000.0
2026-07-21,27846000.0
2026-07-22,34018000.0
2026-07-23,25161000.0
2026-07-24,18854000.0
2026-07-27,25414000.0
2026-07-28,27219000.0
2026-07-29,19434000.0
2026-07-30,17984000.0
2026-07-31,33564000.0
2026-08-03,40020000.0
2026-08-04,28537000.0
2026-08-05,19445000.0
2026-08-06,44995000.0
2026-08-07,29124000.0
2026-08-10,51963000.0
2026-08-11,21937000.0
2026-08-12,31843000.0
2026-08-13,62726000.0
2026-08-14,36529000.0
2026-08-17,32557000.0
2026-08-18,28863000.0
2026-08-19,8878000.0
2026-08-20,60942000.0
2026-08-21,13064000.0
2026-08-24,38584000.0
2026-08-25,53060000.0
2026-08-26,45066000.0
2026-08-27,19461000.0
2026-08-28,29951000.0
2026-08-31,0.0
2026-09-01,46584000.0
2026-09-02,30708000.0
2026-09-03,32405000.0
2026-09-04,20601000.0
2026-09-07,10195000.0
2026-09-08,50014000.0
2026-09-09,67937000.0
2026-09-10,26601000.0
2026-09-11,15296000.0
2026-09-14,83197000.0
2026-09-15,
2026-09-16,58872000.0
